Workbook
Name GeocodeAddressColumn_IntMainSheet: 'Int Main Sheet'!$F$1

Sheet PHQ Weekly IntOps ATR
L1: Ops ID | M1: Date | N1: Launch Base | O1: Force Strength | P1: Area | Q1: Duration | R1: Achievement | S1: Loss | T1: Remark
L2: 26 | M2: =vlookup(L2,'Operations main Sheet'!A:M,2,0)

Sheet DB-Naxal
A1: Level | B1: Central | C1: Zonal | D1: Sub Zonal | E1: Division | F1: Area Committee | G1: Company | H1: Platoon | I1: Weapon | J1: Electronic Gadget | K1: Status | L1: RPC | M1: Rank
A2: Central | B2: CCM | C2: DKSZC | D2: North Sub Zone | E2: Maad | F2: Kutul | G2: 1 | H2: 16 | I2: LMG | J2: Laptop | K2: Active | L2: Member | M2: CCM
A3: Zonal | B3: PBM | C3: AOBSZC | D3: South Sub Zone | E3: North Bastar | F3: Nelnar | G3: 5 | H3: 17 | I3: AK 47 | J3: Radio | K3: Surrender | L3: Jungle | M3: PB
A4: Sub Zonal | B4: CMC | C4: MMCSZC | D4: West Sub Zone | E4: East Bastar | F4: Indravati | G4: 6 | H4: 1 | I4: SLR | J4: Walky Talky | K4: Dead | L4: Kisan | M4: DVCM
A5: Divisional | B5: CRB | C5: NTSZC | D5: Other | E5: West Bastar | F5: Bayanar | G5: 10 | H5: 2 | I5: INSAS | J5: Smartphone | K5: Encounter | L5: Doctor | M5: CYPC
A6: Area Committee | B6: Other | C6: COBSZC | F6: Amdai | G6: 4 | H6: 32 | I6: 303 Rifle | J6: Scanner | K6: Left | L6: School | M6: ACM
A7: Battalion | C7: SZC | F7: Bodhghat | G7: 7 | I7: 315 Rifle | J7: Tab | K7: Arrest | L7: Education | M7: PPCM
A8: RPC | C8: SMC | F8: Barsur | I8: 12 Bore Gun | J8: Keypad Mobile | L8: Panchayat | M8: RPC
A9: Supply Team | C9: Other | F9: Kiskodo | I9: Carbine | J9: Desktop | L9: Growth | M9: PM
A10: LOS | C10: RKB | F10: Raoghat | I10: 9mm Pistol | J10: Dongal/Jio Fi | L10: Militia Chief | M10: KAMS
F11: Partapur | I11: Single Shot Gun | J11: Icom set | L11: Militia Commander | M11: SMC
F12: Other | I12: Grenade | J12: Laptop,Smartphone | L12: Section Commander | M12: DKCNM
I13: Stungun | L13: Deputy Commander | M13: RCM
I14: SBL | L14: JRD Commander | M14: DKMS
I15: BGL | L15: Incharge | M15: SZCM
I16: Barmer gun | L16: Other | M16: DAKMS
I17: desi ktta | L17: Chife aditor | M17: PPC
I18: INSAS LMG | L18: Plga commander
I19: 51 MOTAR | L19: GRD Member
I20: AK 47 UBGL | L20: CNM
I21: G-3 RIFLE | L21: Commander
I22: Musket Rifle | L22: Supply team
I23: 2 inch Motar | L23: Militia
I24: SLR LMG
I25: 8 AM Rifle

Sheet Naxal Profile
B1: Name | C1: Description | D1: Rank | E1: Level | F1: Central | G1: Zonal | H1: Sub-Zonal | I1: Division | J1: Area Committee | K1: Company | L1: Platoon | M1: RPC | N1: Weapon | O1: Electronic Gadget | P1: Status | Q1: Other Info | R1: Resident | S1: District | T1: Work Area
A2: 1 | B2: नंबाला केशव राव उर्फ बसवराज उर्फ बी.आर. दादा उर्फ गगन्ना उर्फ प्रकाश उर्फ कृष्णा उर्फ विजय उर्फ दारापू नरसिंम्हा रेड्‌डे | C2: पिता स्व. एन वसुुुदेवराव आयु 66/21 पता जियानपेता, कोताम्बली, श्रीकाकुलम, साकिन जियन्नापेटा थाना एवं मंडल कोटाबोमल जिला‐श्रीकाकुलम राज्य‐आंध्र्रप्रदेश | D2: CCM | E2: Central | F2: PBM | N2: AK 47 | P2: Active | Q2: सचिव सीपीआई माओवादी पोलित ब्यूरो
A3: 2 | B3: गणपति उर्फ मुपल्ला लक्ष्मण राव उर्फ जी.एस. उर्फ रमन्ना उर्फ श्रीनिवास उर्फ दयानंद उर्फ चंद्रशेखर उर्फ मलन्ना उर्फ राजन्ना उर्फ बाल रेड्‌डी उर्फ राधा किशन उर्फ जीपी उर्फ शेखर उर्फ सीएस | C3: पिता गोपाल राव उम्र 72/22 वर्ष निवासी बीरपुर जिला‐जगतियाल राज्य‐तेलंगाना | D3: CCM | E3: Central | F3: PBM | P3: Active | Q3: 1. पोलित ब्यूरो सदस्य 2. सेन्ट्रल कमेटी सदस्य
A4: 3 | B4: कत्ताम सुदर्शन उर्फ आनंद उर्फ थेन्टू लक्ष्मीनर सिंम्हा चलम उर्फ टी.एल.एन. चलम उर्फ सुधाकर उर्फ चंटी बालकृष्णा, राम राजू उर्फ आर.आर. उर्फ अरविंद उर्फ सोमन्ना | C4: पिता मल्लेश आयु 64/21 पता ग्राम बेल्लमपल्ली, आदिलाबाद, तेलांगाना निवासी हैदराबाद | D4: CCM | E4: Central | F4: PBM | P4: Dead | Q4: 1. पोलित ब्यूरो सदस्य 2. सेन्ट्रल कमेटी सदस्य 3. सीआरबी सदस्य
A5: 4 | B5: मल्लोजुला वेणुगोपाल राव उर्फ विवेक उर्फ भूपति उर्फ सोनू उर्फ सोनू दादा उर्फ अभय उर्फ राजन उर्फ लच्छन्ना | C5: पिता वेंकटेश उम्र 67 वर्ष निवासी शिवालयम रोड जिला‐पेद्‌दापल्ली राज्य‐तेलंगाना | D5: CCM | E5: Central | F5: PBM | P5: Active | Q5: 1. पोलित ब्यूरो सदस्य 2. सेन्ट्रल कमेटी सदस्य 3. सीआरबी सदस्य
A6: 5 | B6: मिशिर बेसरा उर्फ सुर्निमल | C6: पता किरथान जिला गिरीदीह, झारखंण्ड | D6: CCM | E6: Central | F6: PBM | P6: Dead | Q6: 1. पोलित ब्यूरो सदस्य 2. सेन्ट्रल कमेटी सदस्य 3. ईआरबी सदस्य4. सीएमसी सदस्य 5. इंचार्ज बिहार स्टेट कमेटी
A7: 6 | B7: विवेक चांदरी यादव उर्फ प्रयांग उर्फ विवेक उर्फ करनदा उर्फ लेतरू | C7: साकिन आयु 60/21, पता दल्लुबुधा परासनाथ, थाना तुण्दी, जिला धनबाद, झारखण्ड ा | D7: CCM | E7: Central | F7: CCM | P7: Active | Q7: 1. सेन्ट्रल कमेटी सदस्या 2. ईआरबी सदस्या 3. इंचार्ज झारखंण्ड स्टेट कमेटी
A8: 7 | B8: कादरी नारायण रेड्‌डी उर्फ कोसा उर्फर् गौतम उर्फ साधू उर्फ गोपन्ना उर्फ विनोद उर्फ बूचन्ना | C8: पिता कृष्णा रेड्डी उम्र 66/22 वर्ष निवासी गोपालरावपल्ली सिरिसिल्ला जिला-राजन्ना (करीमनगर) राज्य-तेलंगाना | D8: CCM | E8: Central | F8: CCM | P8: Active | Q8: 1. सेन्ट्रल कमेटी सदस्या2. ईआरबी सदस्या3. इंचार्ज झारखंण्ड स्टेट कमेटी
A9: 8 | B9: थिपिरी तिरूपति उर्फ देवजी उर्फ संजीव उर्फ रमेश उर्फ चेतन उर्फ कुमा उर्फ देवन्ना उर्फ सुदर्शन | D9: CCM | E9: Central | F9: CCM | P9: Active | Q9: 1. सेन्ट्रल कमेटी सदस्य2. सचिव सीएमसी3. सीआरबी सदस्या
A10: 9 | B10: चन्द्रन्ना उर्फ पुलुरी प्रसाद राव उर्फ शंकरन्ना उर्फ शंकर राव उर्फ राम बाबू पिता श्रीनिवास राव | C10: उम्र 65/22 वर्ष निवासी वदकापुर जिला‐पेदापल्ली राज्य‐तेलंगाना | D10: CCM | E10: Central | F10: CCM | P10: Dead | Q10: 1. सेन्ट्रल कमेटी सदस्या2. सीआबी सदस्या3. इंचार्ज तेलांगाना स्टेट कमेटी
A11: 10 | B11: मोदेम बाला कृष्णा उर्फ बालान्ना उर्फ भास्कर उर्फ रामचन्द्र उर्फ राजेन्द्र उर्फ मनोज | C11: पिता वेन्कतियागढ/ वेंकटेश ़आयु 59/22 पता मन्दिकोण्टा एम, धनपुर, जिला वारंगल तेलांगाना | D11: CCM | E11: Central | F11: CCM | P11: Active | Q11: 1. सेन्ट्रल कमेटी सदस्या 2. सीआबी सदस्या 3. इंचार्ज बांसधारा-घुमसार-नागाबली डिवीजन कमेटी 4. उडी़सा स्टेट कमेटी मेम्बर
A12: 11 | B12: कंचन दा उर्फ प्रसाद उर्फ कांचा उर्फ रंजीत बोस उर्फ सुमन | C12: आयु 60/21 पता हावड़ा, दक्षिण बंगाल | D12: CCM | E12: Central | F12: CCM | P12: Dead
A13: 12 | B13: मल्लाराजी रेड्‌डी उर्फ सात्ताना पिता वीरा रेड्‌डी उर्फ संग्राम उर्फ लक्ष्मण उर्फ मुरली पिता वीर रेड्‌डी | C13: पिता वीर रेड्‌डी आयु 71/21 पता सातुलापल्ली वी, मोनथनी एम, जिला करीमनगर पेद्‌दापल्ली तेलांगाना | D13: CCM | E13: Central | F13: CCM | P13: Active
A14: 13 | B14: गणेश उईके उर्फ पक्का हनुमंतु उर्फ राजेश तिवारी उर्फ चमरू दादा उर्फ सोमारू उर्फ मोहन | C14: पिता चन्दरेय उम्र 58/21, पुल्लेमाला, तहसील चंदुर, जिला नालगुण्डा, तेलंगाना | D14: CCM | E14: Central | F14: CCM | P14: Dead
A15: 14 | B15: गजराला रवि उर्फ उदय उर्फ गणेश उर्फ चमरू दादा उर्फ पाका उर्फ हनुमंतुलू | C15: पिता चन्द्रैया, निवासी नालगुण्डा, तेलंगाना | D15: CCM | E15: Central | F15: CMC | P15: Active
A16: 15 | B16: अनाल दा उर्फ तुफान दा उर्फ पतिराम मंजी उर्फ पतिराम मरण्डी | C16: उम्र 56/21 निवास जारावली, थाना दुमरी जिला गिरीडीह झारखण्ड | D16: CCM | E16: Central | F16: CCM | P16: Active
A17: 16 | B17: प्रमोद मिश्रा उर्फ बन बिहारी उर्फ बी.बी. उर्फ नाताजी उर्फ डॉक्टर सर | C17: उम्र 3 जन. 1955 निवास कासमा, थाना औरंगाबाद जिला औरंगाबाद, बिहार | D17: CCM | E17: Central | F17: CCM | P17: Active
A18: 17 | B18: संजय दीपक राव उर्फ विजय | C18: थाने, मुम्बई, महाराष्ट्र | D18: CCM | E18: Central | F18: CCM | P18: Active
A19: 18 | B19: के0 रामचन्द्र रेड्‌डी उर्फ गुडसा उसेण्डी उर्फ विजय उर्फ जुरू उर्फ सुनील उर्फ राजू | C19: उम्र 58/21 निवासी‐ग्राम तिगलागुट्‌टा पल्ली जिला करीमनगर तेलंगाना | D19: CCM | E19: Central | F19: CCM | P19: Dead
A20: 19 | B20: अल्लूरी कृष्णा कुमारी उर्फ जोडे रत्ना बाई उर्फ सरस्वती उर्फ सक्कू बाई | C20: पति मुपल्ला लक्ष्मणराव उर्फ, गणपति 63/22 निवासी - ग्राम बुदरापुपेटा मंडल जिला महबुब नगर तेलंगाना | D20: KAMS | E20: Zonal | G20: DKSZC | H20: North Sub Zone | I20: Maad | N20: AK 47 | P20: Active
A21: 20 | B21: पद्मा उर्फ कल्पना उर्फ सुजातक्का उर्फ मैनीबाई उर्फ मैनक्का पति कोटेश्वर राव उर्फ किशन जी | C21: निवासी - ग्राम पेन्चीकलपेठ जिला महबुब नगर तेलंगाना | D21: DVCM | E21: Zonal | G21: DKSZC | H21: North Sub Zone | I21: Maad | N21: AK 47 | P21: Active
A22: 21 | B22: माडवी हिड़मा उर्फ हिड़मन्ना उर्फ संतोष उम्र 48/2022 | C22: निवासी-ग्राम पुवर्ती थाना जगरगुण्डा जिला सुकमा छ0ग0 | D22: DVCM | E22: Zonal | G22: DKSZC | H22: North Sub Zone | L22: 1 | N22: AK 47 | P22: Active
A23: 22 | B23: अदुमल व्यंकटेस मासा उर्फ सन्तु उम्र 47/21 | C23: निवासी- ग्राम पालोडी थाना किस्टाराम जिला सुकमा छ0ग0 | D23: DVCM | E23: Divisional | G23: DKSZC | H23: North Sub Zone | N23: AK 47 | P23: Active
A24: 23 | B24: अल्लुरी उषा रानी उर्फ नर्मदा पति किरन | C24: निवासी- ग्राम गुदवाड़ा जिला कृष्णा आ0प्र0 | D24: DVCM | E24: Divisional | G24: DKSZC | H24: North Sub Zone | I24: North Bastar | L24: 16 | N24: SLR | P24: Dead
A25: 24 | B25: लोकेती चन्दर उर्फ प्रभाकर उर्फ पादकाल स्वामी उर्फ रवि पिता रामचन्देर उम्र 53/21 | C25: निवासी- ग्राम इसरोजीवाड़ा सदाशिव नगर, मण्डल कामारेड्डी जिला निजामाबाद तेलंगाना | D25: DVCM | E25: Divisional | G25: DKSZC | H25: North Sub Zone | I25: North Bastar | K25: 10 | N25: AK 47 | P25: Active
A26: 25 | B26: तक्कालापल्ली वासुदेव राव उर्फ सतीश उर्फ सुजित उर्फ वासु, | C26: पिता बिखापति राव, उम्र 55/21 निवासी- ग्राम पोलोनी पल्ली लक्ष्मीदेव पेट, व्यंकटपुरम मण्डल जिला वारंगल तेलंगाना | D26: SMC | E26: Zonal | G26: DKSZC | H26: North Sub Zone | K26: 1 | N26: AK 47 | P26: Active | Q26: पूर्व प्रभारी एम.आई पूर्व आर.के.बी. डिवीजन कम्पनी नम्बर 01, 05, 06 का इंचार्ज ईनाम-25 लाख
A27: 26 | B27: रामदेर उर्फ मज्जीदेव उर्फ मजबी, उम्र 52/21 | C27: निवासी- ग्राम मज्जीेमेंडरी (भैरमगढ़) थाना बेदरे जिला बीजापुर छ0ग0 | D27: SMC | E27: Zonal | G27: DKSZC | H27: North Sub Zone | K27: 1 | N27: AK 47 | P27: Active
A28: 27 | B28: लेनगु उर्फ संजीव पिता दनायाह, | C28: उम्र 60/21 निवासी- ग्राम अलवाल जिला रंगारेड्डी तेलंगाना | D28: SZCM | E28: Central | G28: DKSZC | H28: North Sub Zone | N28: AK 47 | P28: Active
A29: 28 | B29: किरन उर्फ किरन दादा | C29: निवासी-विजयवाड़ा सिटी जिला विजयवाड़ा आ0प्र0 | D29: SZCM | E29: Zonal | G29: DKSZC | H29: North Sub Zone | N29: AK 47 | P29: Arrest
A30: 29 | B30: श्याम उर्फ गिरीरेड्डी उर्फ पवनंदा रेड्डी | C30: निवासी- ग्राम पल्लागटा मंडल घनपुर जिला वारंगल तेलंगाना | D30: SZCM | E30: Zonal | G30: DKSZC | H30: North Sub Zone | N30: AK 47 | P30: Active
A31: 30 | B31: कमलेश उर्फ रामकृष्णा उर्फ आर0के0 उर्फ जोरीगेनागाराजू उर्फ विष्णु पिता चित्तैह | C31: जाति अन्य पिछड़ा वर्ग उम्र 01.01.1971 वर्ष निवासी- ग्राम थम्मूला रोड पोरंकी, पेनमल्लुरू मण्डल जिला विजयवाडा | D31: SZCM | E31: Zonal | G31: DKSZC | H31: North Sub Zone | I31: East Bastar | N31: AK 47 | P31: Active
A32: 31 | B32: गिरधर उर्फ नागसु उर्फ मनसु तुमरेटी | C32: निवासी- ग्राम जवेली तहसील एटआपल्ली थाना कसनसूर जिला गढचिरौली | D32: SZCM | E32: Zonal | G32: DKSZC | H32: North Sub Zone | I32: West Bastar | N32: AK 47 | P32: Active
A33: 32 | B33: सुरेन्दर उर्फ सोमा सोढ़ी | C33: निवासी-ग्राम पोलेपट थाना गोलापल्ली जिला सुकमा छ0ग0 | D33: SZCM | E33: Zonal | G33: DKSZC | H33: North Sub Zone | I33: East Bastar | J33: Barsur | N33: AK 47 | P33: Active | Q33: वर्तमान में इसे प्रभारी एसजेडसी सदस्य के पद पर राजनांदगांव बालाघाट डिवीजन में रहना ज्ञात हुआ है।
A34: 33 | B34: चंदू उर्फ चंदर उर्फ ईरा राजू पिता कोमूरैयाह उम्र 36/2016 वर्ष | C34: निवासी- ग्राम टाटिकायला धरमासागर मंडल जिला वारंगल शहर तेलंगाना | D34: DKCNM | E34: Zonal | G34: DKSZC | H34: North Sub Zone | I34: Maad | P34: Active
A35: 34 | B35: रघु उर्फ विकास उर्फ रमेश उर्फ सायलू उर्फ शिवन्ना उर्फ कुवाटी वेंकटेश उर्फ रघु रेड्‌डी उम्र 55/2016 वर्ष | C35: निवासी‐ ग्राम कोटीगल मंडल मन्दुर जिला वारंगल तेलंगाना | D35: DKCNM | E35: Zonal | G35: DKSZC | H35: South Sub Zone | I35: Maad | P35: Dead
A36: 35 | B36: रूसी उर्फ भास्कर उम्र 37/2016 वर्ष | C36: निवासी‐ ग्राम पाटन जवाली कासनसुर महाराष्ट्र | D36: DKCNM | E36: Zonal | G36: DKSZC | H36: North Sub Zone | P36: Dead
A37: 36 | B37: विनय रेड्‌डी उर्फ कुशनाम अशोक रेड्‌डी उर्फ मुरली उर्फ बलदेव पिता सती रेड्‌डी, उम्र 50/2018 | C37: थ्रीमालागिरी, जिला नालगोण्डा, तेलंगाना (वर्ष 2014 में जेल से छुटकर पुन: उसी पद पर कार्य कर रहा है) दिनांक 22.08 | D37: DKCNM | E37: Zonal | G37: DKSZC | H37: North Sub Zone | I37: East Bastar | P37: Arrest
A38: 37 | B38: डोंगा सात्या गंगाधर राव उर्फ वेंगू उर्फ नरसन्ना उम्र 70/22 | C38: साकिन नरेन्द्र पुरम ग्राम पी. गन्नावरम जिला विशाखापट्‌नम आन्ध्रप्रदेश | D38: DKCNM | E38: Zonal | G38: DKSZC | N38: AK 47 | P38: Active
A39: 38 | B39: राजमन उर्फ राजमोहन उर्फ भास्कर उर्फ वेनु उर्फ कंदागटला यादगिरी उर्फ राजमन मण्डावी आरसीएम उम्र 38 वर्ष | C39: निवासी बट्‌टूपाली, हनुमानकोण्डा, मोदीकोंडा, थाना पद्‌मषाली जिला वारंगल, नार्थ तेलंगाना आंध्रपेदश | D39: DKCNM | E39: Divisional | G39: DKSZC | H39: North Sub Zone | I39: Maad | N39: AK 47 | P39: Active
A40: 39 | B40: वेंगू दादा उम्र करीबन 70 वर्ष करीबन | C40: साकिन तेलंगाना | D40: DKCNM | E40: Divisional | G40: DKSZC | H40: North Sub Zone
A41: 40 | B41: रूपी उर्फ जया पति सतीष उर्फ कोपा उर्फ छत्तीस करीबन उम्र 52 वर्ष | C41: निवासी महबूब नगर आन्ध्रप्रदेष | D41: DKCNM | E41: Divisional | G41: DKSZC | H41: North Sub Zone | Q41: हुलिया - कद 5.7 फीट करीबन, रंग गोरी, शरीर- खडा बदन,, चेहरा लम्बा, काले लम्बे बाल रखती है, आंखो में चष्मा लगाती है, हिन्दी, हल्बी, गोण्डी, मराठी, तेलगू भाषा बोलती है।
A42: 41 | B42: विवेक उर्फ बिरसा उम्र 50 वर्ष करीबन | C42: साकिन तेलंगाना | D42: DKCNM | E42: Divisional | H42: North Sub Zone | N42: AK 47
A43: 42 | B43: पापा राव | C43: साकिन आन्ध्रप्रदेश | D43: DKCNM | E43: Divisional | H43: West Sub Zone | N43: AK 47
A44: 43 | B44: विकास | C44: साकिन तेलंगाना | D44: DKCNM | E44: Divisional | H44: South Sub Zone | N44: AK 47
A45: 44 | B45: प्रभाकर | C45: साकिन आन्ध्रप्रदेश | D45: DKCNM | E45: Divisional | H45: West Sub Zone
A46: 45 | B46: रतन उर्फ दिनेश उर्फ पुसु उर्फ उधमसिंह | C46: निवासी गढचिरौली | E46: Divisional | H46: North Sub Zone | N46: AK 47
A47: 46 | B47: अदुमल व्यंकटेस मासा उर्फ सन्तु | C47: उम्र 47/21 निवासी- ग्राम पालोडी थाना किस्टाराम जिला सुकमा छ0ग0 | D47: DKCNM | E47: Divisional | G47: DKSZC | H47: North Sub Zone | I47: Maad | N47: AK 47 | P47: Active | Q47: एस.एस.सी. सदस्य ईनाम-25 लाख
A48: 47 | B48: इरी मोहन रेडडी उर्फ विवेक उर्फ भस्कर उर्फ उमेश उर्फ प्रकाश उर्फ महेश उर्फ विजय उर्फ सुरेन्द्र | C48: पिता ईरी शिवा रेड्डी, उम्र 63 वर्ष, जन्म तिथि 03.10.1960 जाती - रेड्डी, साकिन- कोंचन्नापल्ली निरमल आन्ध्रप्रदेश, | D48: DKCNM | E48: Divisional | G48: DKSZC | H48: North Sub Zone | I48: Maad | N48: AK 47 | P48: Active | Q48: शिक्षा - 10 पास
A49: 48 | B49: रनिता उर्फ जयमति पति सोमजी | C49: ऐनहुर थाना सिकसोड़ जिला कांकेर छत्तीसगढ़ | D49: DVCM | E49: Divisional | G49: DKSZC | I49: Maad | J49: Kutul | N49: AK 47 | O49: Walky Talky | P49: Active | Q49: हुलिया - कद 5 फीट करीबन, रंग गोरी, शरीर साधारण, चेहरा लम्बा, काले लम्बे बाल रखती है, छत्तीसगढ़ी, हिन्दी, हल्बी, गोण्डी भाषा बोलती है।
A50: 49 | B50: नीति उर्फ उर्मिला उर्फ कोपे | C50: एलकागुण्डा गंगालूर क्षेत्र जिला बीजापुर हुलिया - कद 5.2 फीट, रंग सांवली, लम्बे बाल, इकहरा, बदन, चेहरा चपटा | D50: DVCM | E50: Sub Zonal | G50: DKSZC | H50: North Sub Zone | I50: East Bastar | J50: Barsur | N50: AK 47 | O50: Icom set | P50: Active | Q50: हिन्दी, गोण्डी, दोरली, तेलगू बोलती
A51: 50 | B51: निर्मला | C51: उम्र 30/22 वर्ष करीबन जाति दण्डामी साकिन ताकिलोड थाना भैरमगढ़ जिला बीजापुर छ0ग0 हुलिया - कद 5 फीट, रंग सांवली, लम्बे बाल, पतला शरीर, चेहरा गोल | D51: DVCM | E51: Sub Zonal | G51: DKSZC | I51: East Bastar | J51: Bodhghat | N51: AK 47 | O51: Icom set | P51: Active | Q51: हिन्दी, गोण्डी, दोरली, बोलती है।
A52: 51 | B52: जानकू उर्फ सुरेष सलाम | C52: पिता गिजरू सलाम उम्र 45/22 वर्ष करीबन जाति गोण्ड साकिन छोटेफरसगांव थाना फरसगांव जिला नारायणपुर छ0ग0 हुलिया - कद 5.5 फीट, रंग सांवला, शरीर-सामान्य, चेहरा गोल, मुछ रखता है | D52: DVCM | E52: Sub Zonal | G52: DKSZC | I52: East Bastar | J52: Amdai | N52: AK 47 | P52: Active | Q52: हिन्दी, गोण्डी, छत्तीसगढ़ी भाषा का ज्ञान है।
A53: 52 | B53: रैजू लोहार उर्फ रनसाय | C53: पिता बज्जू सलाम उम्र 45/22 वर्ष करीबन जाति लोहार साकिन मरसकोल थाना धौडाई जिला नारायणपुर छ0ग0 हुलिया - कद 5.7 फीट करीबन, रंग सावला, शरीर मध्यम, मुछ रखता है | D53: DVCM | E53: Area Committee | G53: DKSZC | I53: East Bastar | J53: Bayanar | N53: AK 47 | O53: Icom set | P53: Active | Q53: हिन्दी, हल्बी, गोण्डी, छत्तीसगढ़ बोलता है।
A54: 53 | B54: मुरली सलाम | C54: उम्र 40/22 वर्ष करीबन जाति गोण्ड, साकिन मण्डानार थाना आमाबेडा, जिला कांकेर छग हुलिया - कद- मध्यम, रंग सांवला, गठीला बदन, बाल हल्का घुघरालू, मुछ नहीं रखता है। | D54: DVCM | E54: RPC | G54: DKSZC | N54: INSAS | O54: Icom set | P54: Active | Q54: हिन्दी, हल्बी, गोण्डी, छत्तीसगढ़ बोलता है।
A55: 54 | B55: सपना उर्फ सपनक्का | C55: पति श्याम उर्फ चैतु उर्फ गिरी रेड्‌डी उम्र करीबन 55 वर्षसाकिन ग्राम दामरंचा जिला गढ़चिरौली महाराष्ट्रा। | D55: DVCM | G55: DKSZC
A56: 55 | B56: मधु उर्फ कमलाकर | C56: उम्र 35/22 वर्ष करीबन साकिन आन्ध्रप्रदेष. हुलिया - कद 5.5 फीट करीबन, रंग काला, मुछ रखता है, षिक्षा - पढ़ा लिखा है, | D56: DVCM | E56: Area Committee | G56: DKSZC | H56: North Sub Zone | I56: East Bastar | J56: Indravati | N56: AK 47 | O56: Smartphone | P56: Active | Q56: भाषा - गोण्डी, तेलगू, हिन्दी भाषा का ज्ञान है।
A57: 56 | B57: राधिका उर्फ राधक्का उफॅ पदमा | C57: पति कोसा उर्फ गौतम उम्र करीबन 60 वर्ष साकिन ग्राम राजाराम अहेरी गढ़चिरौली, महराष्ट्रा । हुलिया - कद 5. फीट करीबन, रंग सांवली, शरीर- भारी, मोटी, चेहरा गोल, काले लम्बे बाल रखती है, | D57: DVCM | E57: Divisional | G57: DKSZC | H57: South Sub Zone | I57: Maad | N57: AK 47 | O57: Walky Talky | P57: Active | Q57: छत्तीसगढ़ी, हिन्दी, हल्बी, गोण्डी, मराठी, तेलगू भाषा बोलती है।
A58: 57 | B58: मलेष ओड़ी | C58: साकिन ग्राम पाले सिलमा ग्राम तुम्मीर (पालाचलमा) थाना किस्टारम जिला सुकमा ( पूर्व में 16 नम्बर प्लाटून इंचार्ज था ) हुलिया - कद 5.7 फीट करीबन, रंग काला, शरीर- खडा बदन,, चेहरा गोल, काले घुघरालू बाल रखता है, मुछ रखता है। | D58: DVCM | E58: Divisional | G58: DKSZC | H58: North Sub Zone | I58: West Bastar | N58: AK 47 | P58: Active | Q58: हमेषा वर्दी में रहता है। गोण्डी, हिन्दी, दण्डामी,, तेलगू भाषा बोलता है।
A59: 58 | B59: अरब उर्फ कमलेश | C59: उम्र 40/22 वर्ष करीबन साकिन दक्षिण बस्तर | D59: DVCM | E59: Divisional | G59: DKSZC | I59: Maad | J59: Nelnar | N59: SLR | O59: Walky Talky | P59: Active | Q59: शिक्षा ‐ संगठन में पढ़ाई किया है, भाषा ‐ गोण्डी, तेलगू, हिन्दी भाषा का ज्ञान है।
A60: 59 | B60: राजे कांगे उर्फ मलोतीन कांगे उर्फ निर्मला | C60: पति प्रभाकर साकिन ग्राम कसई फरसगांव, थाना बडेडोंगर जिला कोण्डागांव छ0ग0 | D60: DVCM | E60: Divisional | G60: DKSZC | I60: North Bastar | J60: Raoghat | N60: AK 47 | O60: Walky Talky | P60: Active
A61: 60 | B61: ममता ममतक्का उर्फ वसन्ना उर्फ पासूला गमबाला उर्फ पदमा | C61: साकिन सिरीकोंटा मण्डल कथलापुर आन्ध्रप्रदेश | D61: DVCM | E61: Divisional | G61: DKSZC | I61: North Bastar | J61: Raoghat | N61: Carbine | P61: Active
A62: 61 | B62: ललिता | C62: पति रामदेर साकिन भामरागढ़ क्षेत्र ग्राम कौण्डे मज्जीमेण्ड्री नदी किनारे थाना बेदरे जिला बीजापुर | D62: DVCM | E62: Divisional | G62: DKSZC | I62: North Bastar | N62: AK 47 | O62: Walky Talky | P62: Active
A63: 62 | B63: सोनू कुमेटी | C63: साकिन पुसनार जिला बीजापुर छ0ग0 | D63: DVCM | E63: Area Committee | G63: DKSZC | I63: North Bastar | J63: Kiskodo | N63: AK 47 | O63: Walky Talky | P63: Active
A64: 63 | B64: प्रसाद मातलाम | C64: उम्र 35/22 वर्ष करीबन जाति गोण्ड, साकिन मर्दा थाना कोयलीबेडा जिला कांकेर छग | D64: ACM | E64: Area Committee | G64: DKSZC | I64: North Bastar | J64: Kiskodo | N64: 303 Rifle | P64: Active
A65: 64 | B65: शंकर उर्फ मुरली उर्फ श्रीपल्ली सुधाकर | C65: साकिन चल्लागारिग मण्डल चितयाल आन्ध्रप्रदेश | D65: DVCM | E65: Divisional | G65: DKSZC | I65: North Bastar | J65: Partapur | N65: AK 47 | O65: Walky Talky | P65: Dead
A66: 65 | B66: सुखलाल उर्फ भीमा उर्फ भीमन्ना | C66: साकिन दक्षिण गढ़चिरौली महाराष्ट्र | D66: DVCM | E66: Divisional | G66: DKSZC | I66: North Bastar | N66: SLR | O66: Walky Talky | P66: Active | Q66: हमेशा वर्दी पहनता है, हिन्दी, गोण्डी, छत्तीसगढ़ी, मराठी, तेलगू बोलता है।
A67: 66 | B67: चम्पा | C67: पति राहुल उम्र 32/22 वर्ष करीबन साकिन पिडमिल जिला गढ़चिरौली महाराष्ट्र | D67: DVCM | E67: Divisional | G67: DKSZC | I67: Maad | J67: Kutul | K67: 1 | M67: Doctor | N67: INSAS | P67: Active | Q67: शिक्षा ‐ संगठन में रहकर शिक्षा प्राप्त की है, भाषा ‐ गोण्डी, तेलगू, हिन्दी भाषा का ज्ञान है। संगठन में बीमारों का ईलाज करती है, हमेश वर्दी में रहती है।
A68: 67 | B68: किरण उर्फ संतु | C68: उम्र 35/22 वर्ष करीबन साकिन आन्ध्रप्रदेश | D68: DVCM | E68: Zonal | F68: CRB | G68: DKSZC | N68: INSAS | P68: Active | Q68: शिक्षा ‐ पढ़ा लिखा है, भाषा ‐ गोण्डी, तेलगू, हिन्दी भाषा का ज्ञान है। ये हमेशा वर्दी में रहता है।
A69: 68 | B69: दीना | C69: पति लेंगू दादा उम्र 50/23 वर्ष करीबन साकिन तेलंगाना प्रदेश | D69: DVCM | E69: Divisional | N69: 303 Rifle | P69: Active | Q69: मध्यम, शिक्षा ‐ पढ़ाई की हैै, भाषा ‐ गोण्डी, तेलगू, हिन्दी भाषा का ज्ञान है।
A70: 69 | B70: शुट्टे उर्फ छुट्टे उर्फ उंगा उर्फ बुधराम | C70: उम्र 35/22 वर्ष करीबन साकिन रेकावाय थाना ओरछा जिला नारायणपुर | D70: DVCM | E70: Divisional | G70: DKSZC | N70: INSAS | P70: Active | Q70: षिक्षा - संगठन में पढ़ा लिखा है, भाषा - गोण्डी, तेलगू, हिन्दी भाषा का ज्ञान है। ये हमेषा वर्दी में रहता है।
A71: 70 | B71: मंगतू उर्फ रवि | C71: उम्र 38/22 वर्ष करबीन साकिन आन्ध्र प्रदेश | D71: DVCM | E71: Divisional | G71: DKSZC | M71: Incharge | N71: AK 47 | P71: Active | Q71: मजबूत, शिक्षा ‐ संगठन में पढ़ा लिखा है, भाषा ‐ गोण्डी, तेलगू, हिन्दी भाषा का ज्ञान है। ये हमेशा वर्दी में रहता है।
A72: 71 | B72: चंद्रा उर्फ चन्द्रक्का उर्फ (जोनी परिवर्तित नाम - 2014) | C72: उम्र 50/22 वर्ष करीबन साकिन विषाखापटनम आन्ध्रप्रदेष | D72: RCM | E72: Divisional | G72: DKSZC | I72: Maad | N72: Carbine | O72: Walky Talky | P72: Active | Q72: अधिकतर सादे कपड़े में रहती है, तेलगू, गोण्डी, भाषा बोलती है।
A73: 72 | B73: रामजी | C73: उम्र 35/22 वर्ष करीबन साकिन खतरूखुशगुड़ी ( कुरूसबोडी थाना कोयलीबेड़ा क्षेत्र) जिला कांकेर | D73: DVCM | E73: Divisional | G73: DKSZC | N73: SLR | P73: Active | Q73: शिक्षा ‐ संगठन में पढ़ा लिखा है, भाषा ‐ गोण्डी, तेलगू, हिन्दी भाषा का ज्ञान है। ये हमेशा वर्दी में रहता है।
A74: 73 | B74: विमलक्का उर्फ्र लक्ष्मी उर्फ अनितक्का उर्फ वनितक्का | C74: पति सुखलाल साकिन गढ़चिरौली, महराष्ट्रा | D74: DVCM | E74: Divisional | G74: DKSZC | N74: AK 47 | O74: Walky Talky | P74: Active | Q74: छत्तीसगढ़ी, हिन्दी, हल्बी, गोण्डी, मराठी, तेलगू भाषा बोलती है।
A75: 74 | B75: सुधीर उर्फ सोनसाय | C75: साकिन वारंगल तेलंगाना | D75: DVCM | E75: Area Committee | G75: DKSZC | H75: North Sub Zone | I75: West Bastar | J75: Indravati | N75: AK 47 | O75: Walky Talky | P75: Active | Q75: ( विस्तार में कही चला गया है )
A76: 75 | B76: प्रताप | C76: उम्र 40/22 वर्ष करीबन साकिन आन्ध्रप्रदेष | D76: DVCM | E76: Divisional | N76: INSAS | O76: Walky Talky | P76: Active
A77: 76 | B77: सुखलाल कुंजाम | C77: उम्र 37/22 वर्ष करीबन जाति दण्डामी, साकिन ग्राम रेकावाया थाना भैरमगढ़ जिला बीजापुर छ.ग. | D77: DVCM | E77: Divisional | G77: DKSZC | I77: Maad | J77: Kutul | M77: Incharge | N77: INSAS | O77: Walky Talky | P77: Active | Q77: छत्तीसगढ़ी, हिन्दी, हल्बी, गोण्डी भाषा बोलता है। शहरी नेटवर्क का कार्य भी करता है, ग्रामीणों से बाजार, शहर भेजकर अपनी आवश्यकता की समाग्री क्रय करवाता है।
A78: 77 | B78: रीना उर्फ सुनिता | C78: पति छुट्‌टे उम्र 28/22 वर्ष करीबन साकिन जिला कांकेर | D78: DVCM | E78: Divisional | G78: DKSZC | N78: 303 Rifle | P78: Active | Q78: छत्तीसगढ़ी, हिन्दी, हल्बी, गोण्डी भाषा बोलती है।
A79: 78 | B79: रमेेश उपेन्ड़ी उर्फ मुकेेश | C79: उम्र 32/22 वर्ष करीबन जाति गोण्ड, साकिन मलमेटा थाना ताडोकी जिला कांकेर छ0ग0 हुलिया - कद 5.7 फीट करीबन, रंग सांवला, छोट बाल, खडा बदन, चेहरा लम्बा, मुछ रखता है, | D79: DVCM | E79: Divisional | G79: DKSZC | K79: 5 | N79: AK 47 | O79: Walky Talky | P79: Active | Q79: हमेषा वर्दी पहनता है, हिन्दी, गोण्डी, छत्तीसगढ़ी, बोलता है।
A80: 79 | B80: वर्गेश उर्फ हीरासिंह कुमेटी | C80: पिता लल्लू उम्र 35/22 वर्ष करीबन जाति गोण्ड साकिन देवगांव थाना आमाबेडा जिला कांकेर | D80: DVCM | E80: Divisional | G80: DKSZC | N80: AK 47 | P80: Active | Q80: भानपुरी विस्तार एवं समन्वय
A81: 80 | B81: तीजू | C81: उम्र 28/22 वर्ष करीबन जाति गोण्ड, साकिन गट्‌टाकाल थाना कोयलीबेडा जिला कांकेर छ0ग0 | D81: DVCM | E81: Divisional | G81: DKSZC | I81: North Bastar | N81: SLR | P81: Active
A82: 81 | B82: मुकेष | C82: पत्नि रमषीला उम्र 35/22 वर्ष करीबन साकिन दक्षिण बस्तर | D82: DVCM | E82: Divisional | G82: DKSZC | N82: AK 47 | O82: Icom set | P82: Active | Q82: प्रभारी टेकनीकल टीम/टेलर टीम
A83: 82 | B83: जीवन | C83: उम्र 35/22 करीबन साकिन मानपुर एरिया जिला राजनांदगांव क्षेत्र | D83: DVCM | E83: Divisional | G83: DKSZC | N83: AK 47 | O83: Icom set | P83: Active | Q83: उत्तर रीजनल मास कमाण्डर
A84: 83 | B84: बलदेव उर्फ सुद्धराम | C84: उम्र 35/22 वर्ष करीबन साकिन इन्द्रावती क्षेत्र | D84: DVCM | E84: Divisional | G84: DKSZC | H84: North Sub Zone | I84: North Bastar | N84: AK 47 | O84: Icom set | P84: Active | Q84: एम.आई. डिवीजन कमाण्ड इन चीफ
A85: 84 | B85: विजय रेड्‌डी | D85: DVCM | E85: Sub Zonal | G85: DKSZC | H85: North Sub Zone | I85: North Bastar | J85: Partapur | N85: AK 47 | P85: Active
A86: 85 | B86: लोकेश | D86: DVCM | E86: Sub Zonal | G86: RKB | H86: North Sub Zone | I86: North Bastar | N86: AK 47 | P86: Active
A87: 86 | B87: अजीत | C87: निवासी तुरूषमेटा | D87: DVCM | E87: Divisional | G87: DKSZC | I87: East Bastar | N87: AK 47 | P87: Surrender | Q87: (2024 में जिला नारायणपुर में आत्मसमर्पित )
A88: 87 | B88: बदरी | C88: साकिन आन्द्रप्रदेष | D88: DVCM | E88: Divisional | G88: DKSZC | N88: AK 47 | P88: Active | Q88: डीके. मोपोस इंचार्ज
A89: 88 | B89: हड़मा उर्फ सनकू | C89: साकिन पालेसेलमा जिला सुकमा | D89: DVCM | E89: Divisional | G89: DKSZC | N89: AK 47 | O89: Icom set | P89: Active
A90: 89 | B90: रैला | C90: उम्र 28/22 वर्ष करीबन साकिन आन्ध्रप्रदेष | D90: DVCM | E90: Divisional | G90: DKSZC | N90: AK 47 | P90: Active | Q90: डीके. मोपोस इंचार्ज
A91: 90 | B91: अमित उर्फ देवलाल | C91: साकिन सितरम महाराष्ट्र बार्डर | D91: DVCM | E91: Divisional | G91: DKSZC | H91: North Sub Zone | I91: North Bastar | N91: INSAS | P91: Active | Q91: माड़ प्रेसा यूनिट कमाण्डर
A92: 91 | B92: मुकेष | C92: साकिन दक्षिण बस्तर | D92: DVCM | E92: Divisional | G92: DKSZC | N92: INSAS | P92: Active | Q92: इंचार्ज उत्तरबस्तर डिवीजन टेक्निकल टीम
A93: 92 | B93: सरोजा तामो उर्फ सायबी | C93: उम्र 32/23 वर्ष जाति मुरिया साकिन ताकिलोड़ थाना ओरछा जिला नारायणपुर | D93: DVCM | E93: Divisional | G93: DKSZC | H93: South Sub Zone | I93: Maad | N93: 303 Rifle | P93: Active | Q93: डिवीजन इंसट्रक्टर टीम कमांडर (पूर्व केएएमएस अध्यक्ष नेलनार एसी)
A94: 93 | B94: सुकाय | C94: निवासी पश्चिम बस्तर | D94: DKMS | E94: Divisional | G94: DKSZC | N94: 303 Rifle | P94: Active
A95: 94 | B95: गोपन्ना | C95: उम्र करीबन 52 वर्ष निवासी आन्ध्रप्रदेष, | D95: DVCM | E95: Divisional | G95: DKSZC | H95: West Sub Zone | I95: Maad | N95: 303 Rifle | P95: Active | Q95: (वर्ष 2020 में विस्तार में गढ़चिरोली की ओर कही ट्रांसफर हो गया )
A96: 95 | B96: भानु उर्फ भानो उर्फ बानो उर्फ अल्लूरी | C96: उम्र 45/22 वर्ष करीबन (महिला) निवासी जिला गुन्टूर आन्ध्रप्रदेष, | D96: DVCM | E96: Divisional | G96: DKSZC | N96: Carbine | O96: Icom set | P96: Surrender | Q96: (वर्ष 2022 में तेलंगाना में आत्मसमर्पित )
A97: 96 | B97: दर्षन पद्दा | C97: उम्र 35/22 वर्ष करीबन, जाति गोण्ड, साकिन बेडमा आमाकल थाना बारसूर जिला बस्तर | D97: DVCM | E97: Divisional | G97: DKSZC | H97: North Sub Zone | I97: North Bastar | N97: SLR | P97: Encounter | Q97: (वर्ष 2022 में मुठभेड में मारा गया जिला कांकेर में )
A98: 97 | B98: आयतु | C98: साकिन गंगालूर एरिया जिला बीजापुर | D98: DVCM | E98: Divisional | G98: DKSZC | N98: INSAS | P98: Left | Q98: (वर्ष 2019 में संगठन छोडकर घर चला गया )
A99: 98 | B99: रनादेर उर्फ जगन उर्फ श्रीनारायणा | C99: पिता चन्द्ररना उम्र 67/21 साकिन टेकल गुडेम थाना वारंगल, जिला वारंगल , तेलंगाना | D99: DVCM | E99: Divisional | G99: DKSZC | N99: AK 47 | P99: Active | Q99: (वर्ष 2017 से दक्षिण बस्तर क्षेत्र में स्थानानंतरण )
A100: 99 | B100: मंगतू वरदा | C100: निवासी गट्टाकाल थाना कोहकामेटा जिला नारायणपुर हुलिया - कद 5.7 फीट करीबन, रंग काला, शरीर- खडा बदन,, चेहरा गोल, काले घुघरालू बाल रखता है, मुछ रखता है। | D100: DVCM | E100: Divisional | G100: DKSZC | H100: North Sub Zone | I100: Maad | L100: 16 | N100: SLR | O100: Walky Talky | P100: Active | Q100: हमेषा वर्दी में रहता है। दोरली, हिन्दी, दण्डामी,, तेलगू भाषा बोलता है
...

Sheet Int Main Sheet
A1: LT | B1: Int Unique No | C1: Int Content | D1: Name_ | E1: Name | F1: GR | G1: Latitude | H1: Longitude | I1: Strength | J1: Int Confidence | K1: Source | L1: Type | M1: Rank | N1: Area Committee | O1: District | P1: Police Station | R1: Division | S1: Week | T1: Month | U1: Sources Name
A2: 45293 | B2: 1 | D2: dpk | E2: =vlookup(D2,DB!E:F,2,0) -> Deepak Pallo | F2: 19°17'26.999"N 81°5'22.999"E | I2: 18 | K2: CG SIB | L2: Human | M2: =vlookup(D2,DB!E:I,5,0) -> Division | N2: =vlookup(D2,DB!E:G,3,0) -> IndravatiAC | O2: Narayanpur | P2: Orchha | R2: =VLOOKUP(D2,DB!E:H,4,0) -> Maad | S2: =weeknum(A2) -> 1 | T2: =month(A2) -> 1
A3: 45294 | B3: 2 | D3: rnt | E3: =vlookup(D3,DB!E:F,2,0) -> Ranita@Jaymati | F3: 19°34'1.618"N 81°0'1.253"E | I3: 15 | K3: IB | L3: Human | M3: =vlookup(D3,DB!E:I,5,0) -> SubZonal | N3: =vlookup(D3,DB!E:G,3,0) -> KutulAC | O3: Narayanpur | P3: Orchha | R3: =VLOOKUP(D3,DB!E:H,4,0) -> Maad | S3: =weeknum(A3) -> 1 | T3: =month(A3) -> 1
A4: 45295 | B4: 3 | D4: mlj | E4: =vlookup(D4,DB!E:F,2,0) -> Mallojula Venu Gopal@sonu | F4: 19°41'3.091"N 80°40'52.925"E | K4: IB | L4: Human | M4: =vlookup(D4,DB!E:I,5,0) -> Central | N4: =vlookup(D4,DB!E:G,3,0) -> PartapurAC | O4: Narayanpur | P4: Orchha | R4: =VLOOKUP(D4,DB!E:H,4,0) -> NorthBastar | S4: =weeknum(A4) -> 1 | T4: =month(A4) -> 1
A5: 45296 | B5: 4 | D5: cdk | E5: =vlookup(D5,DB!E:F,2,0) -> Chandrakk | I5: 10 | K5: IB | L5: Human | M5: =vlookup(D5,DB!E:I,5,0) | N5: KutulAC | O5: Narayanpur | P5: Orchha | R5: Maad | S5: =weeknum(A5) -> 1 | T5: =month(A5) -> 1
A6: 45297 | B6: 5 | D6: bdr | E6: =vlookup(D6,DB!E:F,2,0) -> Badru | F6: 19°40'42.323"N 81°2'33.760"E | K6: CG SIB | L6: Human | M6: =vlookup(D6,DB!E:I,5,0) -> AreaCommittee | N6: =vlookup(D6,DB!E:G,3,0) -> KutulAC | O6: Narayanpur | P6: Orchha | R6: =VLOOKUP(D6,DB!E:H,4,0) -> Maad | S6: =weeknum(A6) -> 1 | T6: =month(A6) -> 1
A7: 45298 | B7: 6 | D7: mur | E7: =vlookup(D7,DB!E:F,2,0) -> Murli Salam | I7: 25 | K7: CG SIB | L7: Human | M7: =vlookup(D7,DB!E:I,5,0) -> Division | N7: =vlookup(D7,DB!E:G,3,0) -> AmdaiAC | O7: Narayanpur | P7: Chhotedongar | R7: =VLOOKUP(D7,DB!E:H,4,0) -> EastBastar | S7: =weeknum(A7) -> 2 | T7: =month(A7) -> 1
A8: 45299 | B8: 7 | D8: rmd | E8: =vlookup(D8,DB!E:F,2,0) -> Ramdas | F8: 19°17'19.000"N 81°10'10.999"E | K8: CG SIB | L8: Human | M8: =vlookup(D8,DB!E:I,5,0) -> AreaCommittee | N8: =vlookup(D8,DB!E:G,3,0) -> IndravatiAC | O8: Narayanpur | P8: Orchha | R8: =VLOOKUP(D8,DB!E:H,4,0) -> Maad | S8: =weeknum(A8) -> 2 | T8: =month(A8) -> 1
A9: 45300 | B9: 8 | D9: vsu | E9: =vlookup(D9,DB!E:F,2,0) -> Veshu | F9: 19°32'46.842"N 81°2'57.584"E | I9: 17 | K9: CG SIB | L9: Human | M9: =vlookup(D9,DB!E:I,5,0) -> AreaCommittee | N9: =vlookup(D9,DB!E:G,3,0) -> KutulAC | O9: Narayanpur | P9: Kohkameta | R9: =VLOOKUP(D9,DB!E:H,4,0) -> Maad | S9: =weeknum(A9) -> 2 | T9: =month(A9) -> 1
A10: 45301 | B10: 9 | D10: bdr | E10: =vlookup(D10,DB!E:F,2,0) -> Badru | F10: 19°40'42.323"N 81°2'33.760"E | I10: 4 | K10: CG SIB | L10: Human | M10: =vlookup(D10,DB!E:I,5,0) -> AreaCommittee | N10: =vlookup(D10,DB!E:G,3,0) -> KutulAC | O10: Narayanpur | P10: Orchha | R10: =VLOOKUP(D10,DB!E:H,4,0) -> Maad | S10: =weeknum(A10) -> 2 | T10: =month(A10) -> 1
A11: 45302 | B11: 10 | D11: bdu | E11: =vlookup(D11,DB!E:F,2,0) -> Budru@Badru | F11: 19°25'20.323"N 81°10'14.678"E | I11: 10 | K11: CG SIB | L11: Human | M11: =vlookup(D11,DB!E:I,5,0) -> AreaCommittee | N11: =vlookup(D11,DB!E:G,3,0) -> NelnarAC | O11: Narayanpur | P11: Kohkameta | R11: =VLOOKUP(D11,DB!E:H,4,0) -> Maad | S11: =weeknum(A11) -> 2 | T11: =month(A11) -> 1
A12: 45303 | B12: 11 | D12: rjta | E12: =vlookup(D12,DB!E:F,2,0) -> Ranjeeta Mandavi | F12: 19.734486° 80.932348° | I12: 6 | K12: CG SIB | L12: Human | M12: =vlookup(D12,DB!E:I,5,0) -> LOS | N12: =vlookup(D12,DB!E:G,3,0) -> KutulAC | O12: Narayanpur | P12: Sonpur | R12: =VLOOKUP(D12,DB!E:H,4,0) -> Maad | S12: =weeknum(A12) -> 2 | T12: =month(A12) -> 1
A13: 45304 | B13: 12 | D13: rju | E13: =vlookup(D13,DB!E:F,2,0) -> Raju | F13: 19°54'31.849"N 80°55'25.097"E | I13: 22 | K13: CG SIB | L13: Human | M13: =vlookup(D13,DB!E:I,5,0) -> Division | N13: =vlookup(D13,DB!E:G,3,0) -> PartapurAC | O13: Narayanpur | P13: Sonpur | R13: =VLOOKUP(D13,DB!E:H,4,0) -> NorthBastar | S13: =weeknum(A13) -> 2 | T13: =month(A13) -> 1
A14: 45305 | B14: 13 | D14: rcd | E14: =vlookup(D14,DB!E:F,2,0) -> Ramchandra | F14: 19°41'26.848"N 80°48'54.706"E | I14: 30 | K14: CG SIB | L14: Human | M14: =vlookup(D14,DB!E:I,5,0) -> Division | N14: KutulAC | O14: Narayanpur | P14: Orchha | R14: Maad | S14: =weeknum(A14) -> 3 | T14: =month(A14) -> 1
A15: 45306 | B15: 14 | D15: rna | E15: =vlookup(D15,DB!E:F,2,0) -> Reena | F15: 19°34'30.637"N 80°58'6.679"E | I15: 10 | K15: CG SIB | L15: Human | M15: =vlookup(D15,DB!E:I,5,0) -> Division | N15: =vlookup(D15,DB!E:G,3,0) -> KutulAC | O15: Narayanpur | P15: Kohkameta | R15: =VLOOKUP(D15,DB!E:H,4,0) -> Maad | S15: =weeknum(A15) -> 3 | T15: =month(A15) -> 1
A16: 45307 | B16: 15 | D16: smd | E16: =vlookup(D16,DB!E:F,2,0) -> Somdu Madkam | F16: 19°29'17.545"N 81°16'3.857"E | I16: 8 | K16: CG SIB | L16: Human | M16: =vlookup(D16,DB!E:I,5,0) -> AreaCommittee | N16: =vlookup(D16,DB!E:G,3,0) -> NelnarAC | O16: Narayanpur | P16: Kohkameta | R16: =VLOOKUP(D16,DB!E:H,4,0) -> Maad | S16: =weeknum(A16) -> 3 | T16: =month(A16) -> 1
A17: 45308 | B17: 16 | D17: snu | E17: =vlookup(D17,DB!E:F,2,0) -> Sannu | F17: 19.325480° 81.081788° | I17: 12 | K17: CG SIB | L17: Human | M17: =vlookup(D17,DB!E:I,5,0) -> AreaCommittee | N17: =vlookup(D17,DB!E:G,3,0) -> IndravatiAC | O17: Narayanpur | P17: Orchha | R17: =VLOOKUP(D17,DB!E:H,4,0) -> Maad | S17: =weeknum(A17) -> 3 | T17: =month(A17) -> 1
A18: 45309 | B18: 17 | D18: ukn | E18: =vlookup(D18,DB!E:F,2,0) -> Unknown | F18: 19°29'3.415"N 81°11'59.762"E | I18: 8 | K18: CG SIB | L18: Human | M18: =vlookup(D18,DB!E:I,5,0) | N18: NelnarAC | O18: Narayanpur | P18: Kohkameta | R18: Maad | S18: =weeknum(A18) -> 3 | T18: =month(A18) -> 1
A19: 45310 | B19: 18 | D19: skr | E19: =vlookup(D19,DB!E:F,2,0) -> Sankar | F19: 19.412372° 81.453192° | I19: 8 | K19: CG SIB | L19: Human | M19: =vlookup(D19,DB!E:I,5,0) -> AreaCommittee | N19: =vlookup(D19,DB!E:G,3,0) -> BarsurAC | O19: Narayanpur | P19: Chhotedongar | R19: =VLOOKUP(D19,DB!E:H,4,0) -> EastBastar | S19: =weeknum(A19) -> 3 | T19: =month(A19) -> 1
A20: 45311 | B20: 19 | D20: skl | E20: =vlookup(D20,DB!E:F,2,0) -> Sukhlal Kunjam | F20: 19°31'5.059"N 81°0'24.559"E | I20: 8 | K20: CG SIB | L20: Human | M20: =vlookup(D20,DB!E:I,5,0) -> Division | N20: =vlookup(D20,DB!E:G,3,0) -> KutulAC | O20: Narayanpur | P20: Orchha | R20: =VLOOKUP(D20,DB!E:H,4,0) -> Maad | S20: =weeknum(A20) -> 3 | T20: =month(A20) -> 1
A21: 45312 | B21: 20 | D21: lkmu | E21: =vlookup(D21,DB!E:F,2,0) -> Lakhmu Kawachi | F21: 19.960931° 81.286923° | I21: 6 | K21: CG SIB | L21: Human | M21: =vlookup(D21,DB!E:I,5,0) -> AreaCommittee | N21: =vlookup(D21,DB!E:G,3,0) -> KiskodoAC | O21: Narayanpur | P21: Erka | R21: =VLOOKUP(D21,DB!E:H,4,0) -> NorthBastar | S21: =weeknum(A21) -> 4 | T21: =month(A21) -> 1
A22: 45313 | B22: 21 | D22: rjm | E22: =vlookup(D22,DB!E:F,2,0) -> Rajman | F22: 19°22'48.486"N 81°2'53.902"E | K22: CG SIB | L22: Human | M22: =vlookup(D22,DB!E:I,5,0) -> AreaCommittee | N22: KutulAC | O22: Narayanpur | P22: Kohkameta | R22: Maad | S22: =weeknum(A22) -> 4 | T22: =month(A22) -> 1
A23: 45314 | B23: 22 | D23: pml | E23: =vlookup(D23,DB!E:F,2,0) -> Pramila | F23: 19°27'19.300"N 81°7'54.048"E | I23: 8 | K23: CG SIB | L23: Human | M23: =vlookup(D23,DB!E:I,5,0) -> AreaCommittee | N23: =vlookup(D23,DB!E:G,3,0) -> NelnarAC | O23: Narayanpur | P23: Kohkameta | R23: =VLOOKUP(D23,DB!E:H,4,0) -> Maad | S23: =weeknum(A23) -> 4 | T23: =month(A23) -> 1
A24: 45315 | B24: 23 | D24: srs | E24: =vlookup(D24,DB!E:F,2,0) -> Suresh Salam | F24: 19°19'27.365"N 81°20'42.353"E | I24: 15 | K24: CG SIB | L24: Human | M24: =vlookup(D24,DB!E:I,5,0) -> AreaCommittee | N24: =vlookup(D24,DB!E:G,3,0) -> AmdaiAC | O24: Narayanpur | P24: Chhotedongar | R24: =VLOOKUP(D24,DB!E:H,4,0) -> EastBastar | S24: =weeknum(A24) -> 4 | T24: =month(A24) -> 1
A25: 45323 | B25: 24 | C25: Orchha Thana se lgbhag 14 km. pashchim disha gram ader me dinak 1.2.2024 ke pratha 06 baje se orchha LGS kamandar ramdash, sukhlal sahit 14-15 mawadiyoo ka upashthithi ki suchna hai | D25: rmd | E25: =vlookup(D25,DB!E:F,2,0) -> Ramdas | F25: 19°17'26.999"N 81°5'22.999"E | I25: 14 | K25: CG SIB | L25: Human | M25: =vlookup(D25,DB!E:I,5,0) -> AreaCommittee | N25: =vlookup(D25,DB!E:G,3,0) -> IndravatiAC | O25: Narayanpur | P25: Orchha | R25: =VLOOKUP(D25,DB!E:H,4,0) -> Maad | S25: =weeknum(A25) -> 5 | T25: =month(A25) -> 2
A26: 45326 | B26: 25 | C26: Than sonpur se lgbhag 18 km. dkchid disha gram kangoli me dinakh 04.02.2024 ko paralkot LOS kamandar mase ke sath 09-10 sashastra mavowadiyo ke upasthithi ki suchna hai | D26: mse | E26: =vlookup(D26,DB!E:F,2,0) -> Mase | F26: 19.638311° 80.905661° | I26: 9 | K26: IB | L26: Human | M26: =vlookup(D26,DB!E:I,5,0) -> AreaCommittee | N26: =vlookup(D26,DB!E:G,3,0) -> KutulAC | O26: Narayanpur | P26: Sonpur | R26: =VLOOKUP(D26,DB!E:H,4,0) -> Maad | S26: =weeknum(A26) -> 6 | T26: =month(A26) -> 2
A27: 45327 | B27: 26 | D27: dpk | E27: =vlookup(D27,DB!E:F,2,0) -> Deepak Pallo | F27: C | I27: 15 | K27: CG SIB | L27: Human | M27: =vlookup(D27,DB!E:I,5,0) -> Division | N27: =vlookup(D27,DB!E:G,3,0) -> IndravatiAC | O27: Narayanpur | P27: Orchha | R27: =VLOOKUP(D27,DB!E:H,4,0) -> Maad | S27: =weeknum(A27) -> 6 | T27: =month(A27) -> 2
A28: 45328 | B28: 27 | C28: Thana Orchha se kariban 12 km. purv disha gram bhatbeda me dinakh 06.2.2024 ke pratha se indrawati eriya kameti sachiv deepak ke sath 10-12 maavowadiyo ke upashthithi rhkar gram bhatbeda jabgunda rothad eriya me lgathar braman karne ki suchna hai | D28: dpk | E28: =vlookup(D28,DB!E:F,2,0) -> Deepak Pallo | F28: 19°17'6.720"N 81°8'17.027"E | I28: 10 | K28: CG SIB | L28: Human | M28: =vlookup(D28,DB!E:I,5,0) -> Division | N28: =vlookup(D28,DB!E:G,3,0) -> IndravatiAC | O28: Narayanpur | P28: Orchha | R28: =VLOOKUP(D28,DB!E:H,4,0) -> Maad | S28: =weeknum(A28) -> 6 | T28: =month(A28) -> 2
A29: 45329 | B29: 28 | D29: arb | E29: =vlookup(D29,DB!E:F,2,0) -> Arab@Kamlesh | F29: 19°25'20.323"N 81°10'14.678"E | I29: 13 | K29: CG SIB | L29: Human | M29: =vlookup(D29,DB!E:I,5,0) -> Division | N29: =vlookup(D29,DB!E:G,3,0) -> NelnarAC | O29: Narayanpur | P29: Orchha | R29: =VLOOKUP(D29,DB!E:H,4,0) -> Maad | S29: =weeknum(A29) -> 6 | T29: =month(A29) -> 2
A30: 45330 | B30: 29 | D30: rna | E30: =vlookup(D30,DB!E:F,2,0) -> Reena | F30: 19.568592° 80.966547° | I30: 12 | K30: Local Human | L30: Human | M30: =vlookup(D30,DB!E:I,5,0) -> Division | N30: =vlookup(D30,DB!E:G,3,0) -> KutulAC | O30: Narayanpur | P30: Kohkameta | R30: =VLOOKUP(D30,DB!E:H,4,0) -> Maad | S30: =weeknum(A30) -> 6 | T30: =month(A30) -> 2
A31: 45331 | B31: 30 | C31: Orcha se lgbhag 15 km. purva disha garam kakavadaa me dinakh 09.02.2024 ke pratha se indrawati eriya kameti sachiv DVCM deepak sahit lgbhag 18-20 sashatra maovadiyo ke upsthithi ki suchna hai | D31: dpk | E31: =vlookup(D31,DB!E:F,2,0) -> Deepak Pallo | I31: 18 | K31: CG SIB | L31: Human | M31: =vlookup(D31,DB!E:I,5,0) -> Division | N31: =vlookup(D31,DB!E:G,3,0) -> IndravatiAC | O31: Narayanpur | P31: Orchha | R31: =VLOOKUP(D31,DB!E:H,4,0) -> Maad | S31: =weeknum(A31) -> 6 | T31: =month(A31) -> 2
A32: 45331 | B32: 31 | D32: pdi | E32: =vlookup(D32,DB!E:F,2,0) -> Pandi@Dinesh | I32: 7 | K32: CG SIB | L32: Human | M32: =vlookup(D32,DB!E:I,5,0) -> AreaCommittee | N32: =vlookup(D32,DB!E:G,3,0) -> KutulAC | O32: Narayanpur | P32: Orchha | R32: =VLOOKUP(D32,DB!E:H,4,0) -> Maad | S32: =weeknum(A32) -> 6 | T32: =month(A32) -> 2
A33: 45331 | B33: 32 | D33: smd | E33: =vlookup(D33,DB!E:F,2,0) -> Somdu Madkam | F33: 19°29'10.590"N 81°9'26.179"E | I33: 10 | K33: IB | L33: Human | M33: =vlookup(D33,DB!E:I,5,0) -> AreaCommittee | N33: =vlookup(D33,DB!E:G,3,0) -> NelnarAC | O33: Narayanpur | P33: Kohkameta | R33: =VLOOKUP(D33,DB!E:H,4,0) -> Maad | S33: =weeknum(A33) -> 6 | T33: =month(A33) -> 2
A34: 45332 | B34: 33 | C34: Thana koylibeda se 20 km. dhkchid gram gome ke ashram para se 02 km paschim disha pahadi ke pass jungle ea dinakha 10.2.2024 ke pratha se kampany number 5 ke kamandar DVCM Raju Salam sahit 25-26 sashatra maovadiyo ki upsthithi ki suchna hai | D34: rju | E34: =vlookup(D34,DB!E:F,2,0) -> Raju | F34: 19°54'31.849"N 80°55'25.097"E | I34: 25 | K34: Local Human | L34: Human | M34: =vlookup(D34,DB!E:I,5,0) -> Division | N34: PartapurAC | O34: Narayanpur | P34: Sonpur | R34: =VLOOKUP(D34,DB!E:H,4,0) -> NorthBastar | S34: =weeknum(A34) -> 6 | T34: =month(A34) -> 2
A35: 45333 | B35: 34 | D35: kml | E35: =vlookup(D35,DB!E:F,2,0) -> Kamlesh | I35: 8 | K35: IB | L35: Human | M35: =vlookup(D35,DB!E:I,5,0) -> Division | N35: NelnarAC | O35: Narayanpur | P35: Orchha | R35: =VLOOKUP(D35,DB!E:H,4,0) -> Maad | S35: =weeknum(A35) -> 7 | T35: =month(A35) -> 2
A36: 45333 | B36: 35 | D36: dpk | E36: =vlookup(D36,DB!E:F,2,0) -> Deepak Pallo | I36: 18 | K36: IB | L36: Human | M36: =vlookup(D36,DB!E:I,5,0) -> Division | N36: =vlookup(D36,DB!E:G,3,0) -> IndravatiAC | O36: Narayanpur | P36: Orchha | R36: =VLOOKUP(D36,DB!E:H,4,0) -> Maad | S36: =weeknum(A36) -> 7 | T36: =month(A36) -> 2
A37: 45335 | B37: 36 | C37: Orcha se lgbhag 18 km paschim disha gram gomagal me dinakh 13.02.2024 ke maad divition sachiv ranita urf jaimati ke sath lgbhag 15-20 sashatr maovadiyo ke upshthithi ki suchna hai | D37: rnt | E37: =vlookup(D37,DB!E:F,2,0) -> Ranita@Jaymati | F37: 19°25'34.086"N 81°4'17.418"E | I37: 15 | K37: CG SIB | L37: Human | M37: =vlookup(D37,DB!E:I,5,0) -> SubZonal | N37: =vlookup(D37,DB!E:G,3,0) -> KutulAC | O37: Narayanpur | P37: Orchha | R37: =VLOOKUP(D37,DB!E:H,4,0) -> Maad | S37: =weeknum(A37) -> 7 | T37: =month(A37) -> 2
A38: 45335 | B38: 37 | D38: mse | E38: =vlookup(D38,DB!E:F,2,0) -> Mase | F38: 19.691036° 80.844588° | I38: 5 | K38: IB | L38: Human | M38: =vlookup(D38,DB!E:I,5,0) -> AreaCommittee | N38: =vlookup(D38,DB!E:G,3,0) -> KutulAC | O38: Narayanpur | P38: Orchha | R38: =VLOOKUP(D38,DB!E:H,4,0) -> Maad | S38: =weeknum(A38) -> 7 | T38: =month(A38) -> 2
A39: 45335 | B39: 38 | D39: rnt | E39: =vlookup(D39,DB!E:F,2,0) -> Ranita@Jaymati | F39: 19°25'34.086"N 81°4'17.418"E | I39: 15 | K39: CG SIB | L39: Human | M39: =vlookup(D39,DB!E:I,5,0) -> SubZonal | N39: =vlookup(D39,DB!E:G,3,0) -> KutulAC | O39: Narayanpur | P39: Orchha | R39: =VLOOKUP(D39,DB!E:H,4,0) -> Maad | S39: =weeknum(A39) -> 7 | T39: =month(A39) -> 2
A40: 45335 | B40: 39 | C40: Kohkameta se 10 km paschim disha and thana sonpur se 08 km. disha gram hikmeta me dinakh 13.02.2024 ke pratha se kutul eriya kameti ranjeet ke sath 07-08 sashatr maovadiyo ke upsthithi ki suchna hai | D40: rjt | E40: =vlookup(D40,DB!E:F,2,0) -> Ranjit | F40: 19°38'47.753"N 81°0'48.949"E | I40: 7 | K40: CG SIB | L40: Human | M40: =vlookup(D40,DB!E:I,5,0) -> AreaCommittee | N40: =vlookup(D40,DB!E:G,3,0) -> KutulAC | O40: Narayanpur | P40: Kohkameta | R40: =VLOOKUP(D40,DB!E:H,4,0) -> Maad | S40: =weeknum(A40) -> 7 | T40: =month(A40) -> 2
A41: 45336 | B41: 40 | D41: dpk | E41: =vlookup(D41,DB!E:F,2,0) -> Deepak Pallo | F41: 19°15'45.914"N 81°6'36.428"E | I41: 9 | K41: Local Human | L41: Human | M41: =vlookup(D41,DB!E:I,5,0) -> Division | N41: =vlookup(D41,DB!E:G,3,0) -> IndravatiAC | O41: Narayanpur | P41: Orchha | R41: =VLOOKUP(D41,DB!E:H,4,0) -> Maad | S41: =weeknum(A41) -> 7 | T41: =month(A41) -> 2
A42: 45336 | B42: 41 | D42: skl | E42: =vlookup(D42,DB!E:F,2,0) -> Sukhlal Kunjam | F42: 19°31'4.901"N 81°1'31.620"E | I42: 10 | K42: IB | L42: Human | M42: =vlookup(D42,DB!E:I,5,0) -> Division | N42: =vlookup(D42,DB!E:G,3,0) -> KutulAC | O42: Narayanpur | P42: Orchha | R42: =VLOOKUP(D42,DB!E:H,4,0) -> Maad | S42: =weeknum(A42) -> 7 | T42: =month(A42) -> 2
A43: 45337 | B43: 42 | D43: rmd | E43: =vlookup(D43,DB!E:F,2,0) -> Ramdas | F43: 19°17'6.720"N 81°8'17.027"E | I43: 14 | K43: Local Human | L43: Human | M43: =vlookup(D43,DB!E:I,5,0) -> AreaCommittee | N43: =vlookup(D43,DB!E:G,3,0) -> IndravatiAC | O43: Narayanpur | P43: Orchha | R43: =VLOOKUP(D43,DB!E:H,4,0) -> Maad | S43: =weeknum(A43) -> 7 | T43: =month(A43) -> 2
A44: 45337 | B44: 43 | C44: Dhanora se 12 km dakhchid disha gram kosthadi gotul ke pass me dinakh 15.02.2024 ke pratha se nelnar eriya kameti somdu ke sath 09-10 sashatra maovatiyo ki suchna hai | D44: smd | E44: =vlookup(D44,DB!E:F,2,0) -> Somdu Madkam | F44: 19°29'10.590"N 81°9'26.179"E | I44: 9 | K44: Local Human | L44: Human | M44: =vlookup(D44,DB!E:I,5,0) -> AreaCommittee | N44: =vlookup(D44,DB!E:G,3,0) -> NelnarAC | O44: Narayanpur | P44: Dhanora | R44: =VLOOKUP(D44,DB!E:H,4,0) -> Maad | S44: =weeknum(A44) -> 7 | T44: =month(A44) -> 2
A45: 45338 | B45: 44 | D45: pdi | E45: =vlookup(D45,DB!E:F,2,0) -> Pandi@Dinesh | F45: 19°36'34.474"N 81°2'19.126"E | K45: Local Human | L45: Human | M45: =vlookup(D45,DB!E:I,5,0) -> AreaCommittee | N45: =vlookup(D45,DB!E:G,3,0) -> KutulAC | O45: Narayanpur | P45: Orchha | R45: =VLOOKUP(D45,DB!E:H,4,0) -> Maad | S45: =weeknum(A45) -> 7 | T45: =month(A45) -> 2
A46: 45338 | B46: 45 | D46: rnt | E46: =vlookup(D46,DB!E:F,2,0) -> Ranita@Jaymati | F46: 19°31'4.901"N 81°1'31.620"E | I46: 20 | K46: Local Human | L46: Human | M46: =vlookup(D46,DB!E:I,5,0) -> SubZonal | N46: =vlookup(D46,DB!E:G,3,0) -> KutulAC | O46: Narayanpur | P46: Orchha | R46: =VLOOKUP(D46,DB!E:H,4,0) -> Maad | S46: =weeknum(A46) -> 7 | T46: =month(A46) -> 2
A47: 45338 | B47: 46 | C47: Sonpur se 14 km. paschim disha gram kader me dinakh 16.02.2024 ko maovadi badru dwara horadi ke gramino ki mitting lekar gram horadi se maspur jaane wale rashte me aane hetu sakt mana kiya gaya hai | D47: bdr | E47: =vlookup(D47,DB!E:F,2,0) -> Badru | F47: 19°42'54.266"N 80°54'1.152"E | I47: 8 | K47: CG SIB | L47: Human | M47: =vlookup(D47,DB!E:I,5,0) -> AreaCommittee | N47: PartapurAC | O47: Narayanpur | P47: Sonpur | R47: NorthBastar | S47: =weeknum(A47) -> 7 | T47: =month(A47) -> 2
A48: 45338 | B48: 47 | D48: ajn | E48: =vlookup(D48,DB!E:F,2,0) -> Arjun | F48: 19.288233° 81.250407° | I48: 25 | K48: IB | L48: Human | M48: =vlookup(D48,DB!E:I,5,0) -> AreaCommittee | N48: =vlookup(D48,DB!E:G,3,0) -> IndravatiAC | O48: Narayanpur | P48: Orchha | R48: =VLOOKUP(D48,DB!E:H,4,0) -> Maad | S48: =weeknum(A48) -> 7 | T48: =month(A48) -> 2
A49: 45338 | B49: 48 | D49: hml | E49: =vlookup(D49,DB!E:F,2,0) -> Hemlal Korram | F49: 19.323553° 81.338465° | I49: 10 | K49: CG SIB | L49: Human | M49: =vlookup(D49,DB!E:I,5,0) -> AreaCommittee | N49: =vlookup(D49,DB!E:G,3,0) -> AmdaiAC | O49: Narayanpur | P49: Chhotedongar | R49: =VLOOKUP(D49,DB!E:H,4,0) -> EastBastar | S49: =weeknum(A49) -> 7 | T49: =month(A49) -> 2
A50: 45338 | B50: 49 | D50: pdi | E50: =vlookup(D50,DB!E:F,2,0) -> Pandi@Dinesh | I50: 25 | K50: CG SIB | L50: Human | M50: =vlookup(D50,DB!E:I,5,0) -> AreaCommittee | N50: =vlookup(D50,DB!E:G,3,0) -> KutulAC | O50: Narayanpur | P50: Orchha | R50: =VLOOKUP(D50,DB!E:H,4,0) -> Maad | S50: =weeknum(A50) -> 7 | T50: =month(A50) -> 2
A51: 45338 | B51: 50 | D51: srs | E51: =vlookup(D51,DB!E:F,2,0) -> Suresh Salam | F51: 19.350296° 81.353120° | I51: 12 | K51: CG SIB | L51: Human | M51: =vlookup(D51,DB!E:I,5,0) -> AreaCommittee | N51: =vlookup(D51,DB!E:G,3,0) -> AmdaiAC | O51: Narayanpur | P51: Chhotedongar | R51: =VLOOKUP(D51,DB!E:H,4,0) -> EastBastar | S51: =weeknum(A51) -> 7 | T51: =month(A51) -> 2
A52: 45339 | B52: 51 | D52: hml | E52: =vlookup(D52,DB!E:F,2,0) -> Hemlal Korram | F52: 19.316992° 81.360729° | I52: 12 | K52: CG SIB | L52: Human | M52: =vlookup(D52,DB!E:I,5,0) -> AreaCommittee | N52: =vlookup(D52,DB!E:G,3,0) -> AmdaiAC | O52: Narayanpur | P52: Chhotedongar | R52: =VLOOKUP(D52,DB!E:H,4,0) -> EastBastar | S52: =weeknum(A52) -> 7 | T52: =month(A52) -> 2
A53: 45339 | B53: 52 | D53: dpk | E53: =vlookup(D53,DB!E:F,2,0) -> Deepak Pallo | F53: 19.29083306 81.08972194 | G53: 19.30118 | H53: 81.089262 | I53: 12 | K53: CG SIB | L53: Human | M53: =vlookup(D53,DB!E:I,5,0) -> Division | N53: =vlookup(D53,DB!E:G,3,0) -> IndravatiAC | O53: Narayanpur | P53: Orchha | R53: =VLOOKUP(D53,DB!E:H,4,0) -> Maad | S53: =weeknum(A53) -> 7 | T53: =month(A53) -> 2
A54: 45339 | B54: 53 | D54: mnu | E54: =vlookup(D54,DB!E:F,2,0) -> Mainu Negi | F54: 19.81784500 81.04499889 | G54: 20.099493 | H54: 81.157657 | I54: 8 | K54: CG SIB | L54: Human | M54: =vlookup(D54,DB!E:I,5,0) -> Division | N54: =vlookup(D54,DB!E:G,3,0) -> RaoghatAC | O54: Narayanpur | P54: Sonpur | R54: =VLOOKUP(D54,DB!E:H,4,0) -> NorthBastar | S54: =weeknum(A54) -> 7 | T54: =month(A54) -> 2
A55: 45339 | B55: 54 | D55: sts | E55: =vlookup(D55,DB!E:F,2,0) -> Santosh Anchla | F55: 19.281349° 81.436234° | I55: 20 | K55: CG SIB | L55: Human | M55: =vlookup(D55,DB!E:I,5,0) -> AreaCommittee | N55: =vlookup(D55,DB!E:G,3,0) -> BodhghatAC | O55: Narayanpur | P55: Chhotedongar | R55: =VLOOKUP(D55,DB!E:H,4,0) -> EastBastar | S55: =weeknum(A55) -> 7 | T55: =month(A55) -> 2
A56: 45340 | B56: 55 | D56: smd | E56: =vlookup(D56,DB!E:F,2,0) -> Somdu Madkam | F56: 19.503095° 81.199606° | K56: CG SIB | L56: Human | M56: =vlookup(D56,DB!E:I,5,0) -> AreaCommittee | N56: =vlookup(D56,DB!E:G,3,0) -> NelnarAC | O56: Narayanpur | P56: Kohkameta | R56: =VLOOKUP(D56,DB!E:H,4,0) -> Maad | S56: =weeknum(A56) -> 8 | T56: =month(A56) -> 2
A57: 45340 | B57: 56 | D57: srs | E57: =vlookup(D57,DB!E:F,2,0) -> Suresh Salam | F57: 19.29622500 81.30069611 | G57: 19.124359 | H57: 81.295925 | K57: CG SIB | L57: Human | M57: =vlookup(D57,DB!E:I,5,0) -> AreaCommittee | N57: =vlookup(D57,DB!E:G,3,0) -> AmdaiAC | O57: Narayanpur | P57: Chhotedongar | R57: =VLOOKUP(D57,DB!E:H,4,0) -> EastBastar | S57: =weeknum(A57) -> 8 | T57: =month(A57) -> 2
A58: 45340 | B58: 57 | C58: Orchha se 15 km. Utthar gram hasnar ke gadhdigpara me dinakh 18.02.24 ke pratha ke nelnar eriya kameti sachiv DVCM kamlesh urf arab sahit 15-16 sashatr mavowadiyo ki upsthithi ki suchna hai | D58: arb | E58: =vlookup(D58,DB!E:F,2,0) -> Arab@Kamlesh | F58: 19.42299806 81.12475806 | G58: 19.4196 | H58: 81.122366 | I58: 15 | K58: CG SIB | L58: Human | M58: =vlookup(D58,DB!E:I,5,0) -> Division | N58: =vlookup(D58,DB!E:G,3,0) -> NelnarAC | O58: Narayanpur | P58: Orchha | R58: =VLOOKUP(D58,DB!E:H,4,0) -> Maad | S58: =weeknum(A58) -> 8 | T58: =month(A58) -> 2
A59: 45340 | B59: 58 | D59: dpk | E59: =vlookup(D59,DB!E:F,2,0) -> Deepak Pallo | F59: 19.27454194 81.04476889 | G59: 19.285155 | H59: 81.027281 | I59: 8 | L59: Human | M59: =vlookup(D59,DB!E:I,5,0) -> Division | N59: =vlookup(D59,DB!E:G,3,0) -> IndravatiAC | O59: Narayanpur | P59: Orchha | R59: =VLOOKUP(D59,DB!E:H,4,0) -> Maad | S59: =weeknum(A59) -> 8 | T59: =month(A59) -> 2
A60: 45340 | B60: 59 | D60: snu | E60: =vlookup(D60,DB!E:F,2,0) -> Sannu | F60: 19.336119° 81.096790° | K60: Local Human | L60: Human | M60: =vlookup(D60,DB!E:I,5,0) -> AreaCommittee | N60: =vlookup(D60,DB!E:G,3,0) -> IndravatiAC | O60: Narayanpur | P60: Orchha | R60: =VLOOKUP(D60,DB!E:H,4,0) -> Maad | S60: =weeknum(A60) -> 8 | T60: =month(A60) -> 2
A61: 45340 | B61: 60 | D61: vj | E61: =vlookup(D61,DB!E:F,2,0) -> Vijay | F61: 19.488074° 81.460014° | I61: 4 | K61: CG SIB | L61: Human | M61: =vlookup(D61,DB!E:I,5,0) -> Area Committee | N61: =vlookup(D61,DB!E:G,3,0) -> BayanarAC | O61: Narayanpur | P61: Chhotedongar | R61: =VLOOKUP(D61,DB!E:H,4,0) -> EastBastar | S61: =weeknum(A61) -> 8 | T61: =month(A61) -> 2
A62: 45341 | B62: 61 | D62: smt | E62: =vlookup(D62,DB!E:F,2,0) -> Somnath@Jaisingh | F62: 19°17'48.50"N 81°21'23.87"E | K62: Local Human | L62: Human | M62: =vlookup(D62,DB!E:I,5,0) -> Other | N62: AmdaiAC | O62: Narayanpur | P62: Chhotedongar | R62: EastBastar | S62: =weeknum(A62) -> 8 | T62: =month(A62) -> 2
A63: 45341 | B63: 62 | D63: pky | E63: =vlookup(D63,DB!E:F,2,0) -> Pinky | F63: 19°19'46.64"N 81°22'8.66"E | I63: 2 | J63: 2 | K63: CG SIB | L63: Human | M63: =vlookup(D63,DB!E:I,5,0) -> RPC | N63: =vlookup(D63,DB!E:G,3,0) -> AmdaiAC | O63: Narayanpur | P63: Chhotedongar | R63: =VLOOKUP(D63,DB!E:H,4,0) -> EastBastar | S63: =weeknum(A63) -> 8 | T63: =month(A63) -> 2
A64: 45342 | B64: 63 | D64: rnt | E64: =vlookup(D64,DB!E:F,2,0) -> Ranita@Jaymati | F64: 19.43292500 81.11265694 | G64: 19.443828 | H64: 81.075466 | I64: 15 | J64: 2 | K64: Local Human | L64: Human | M64: =vlookup(D64,DB!E:I,5,0) -> SubZonal | N64: =vlookup(D64,DB!E:G,3,0) -> KutulAC | O64: Narayanpur | P64: Orchha | R64: =VLOOKUP(D64,DB!E:H,4,0) -> Maad | S64: =weeknum(A64) -> 8 | T64: =month(A64) -> 2
A65: 45342 | B65: 64 | D65: pdi | E65: =vlookup(D65,DB!E:F,2,0) -> Pandi@Dinesh | F65: 19.52194167 81.02685000 | G65: 19.52096 | H65: 81.025737 | I65: 8 | J65: 2 | K65: Local Human | L65: Human | M65: =vlookup(D65,DB!E:I,5,0) -> AreaCommittee | N65: =vlookup(D65,DB!E:G,3,0) -> KutulAC | O65: Narayanpur | P65: Orchha | R65: =VLOOKUP(D65,DB!E:H,4,0) -> Maad | S65: =weeknum(A65) -> 8 | T65: =month(A65) -> 2
A66: 45342 | B66: 65 | D66: dpk | E66: =vlookup(D66,DB!E:F,2,0) -> Deepak Pallo | F66: 19.33073333 81.19993056 | G66: 19.330476 | H66: 81.209133 | J66: 3 | K66: Local Human | L66: Human | M66: =vlookup(D66,DB!E:I,5,0) -> Division | N66: =vlookup(D66,DB!E:G,3,0) -> IndravatiAC | O66: Narayanpur | P66: Orchha | R66: =VLOOKUP(D66,DB!E:H,4,0) -> Maad | S66: =weeknum(A66) -> 8 | T66: =month(A66) -> 2
A67: 45342 | B67: 66 | D67: skr | E67: =vlookup(D67,DB!E:F,2,0) -> Sankar | F67: 19.382422° 81.460905° | I67: 18 | J67: 1 | K67: IB | L67: Tech | M67: =vlookup(D67,DB!E:I,5,0) -> AreaCommittee | N67: =vlookup(D67,DB!E:G,3,0) -> BarsurAC | O67: Narayanpur | P67: Chhotedongar | R67: =VLOOKUP(D67,DB!E:H,4,0) -> EastBastar | S67: =weeknum(A67) -> 8 | T67: =month(A67) -> 2
A68: 45342 | B68: 67 | D68: ukn | E68: =vlookup(D68,DB!E:F,2,0) -> Unknown | F68: 19°36'2.62"N 81° 1'46.87"E | I68: 2 | K68: Local Human | L68: Human | M68: =vlookup(D68,DB!E:I,5,0) | N68: KutulAC | O68: Narayanpur | P68: Kohkameta | R68: Maad | S68: =weeknum(A68) -> 8 | T68: =month(A68) -> 2
A69: 45343 | B69: 68 | D69: ukn | E69: =vlookup(D69,DB!E:F,2,0) -> Unknown | F69: 19°37'21.66"N 80°59'9.96"E | I69: 30 | K69: Local Human | L69: Human | M69: =vlookup(D69,DB!E:I,5,0) | N69: KutulAC | O69: Narayanpur | P69: Kohkameta | R69: Maad | S69: =weeknum(A69) -> 8 | T69: =month(A69) -> 2
A70: 45343 | B70: 69 | C70: Since 21.02.23 the presence of the CPI Maoists cadre Arab (DVCM, Nelnar AC) has been noticed in the Vill-Dumnar, Gattakal, Albeda (all under PS Orchha). Moreover Budru (ACM, Nelnar AC) has been seen at the outskirts of Village- Rainar and Bhatbeda | D70: arb | E70: =vlookup(D70,DB!E:F,2,0) -> Arab@Kamlesh | F70: 19°31'2.82"N 81° 5'44.16"E | K70: IB | L70: Human | M70: =vlookup(D70,DB!E:I,5,0) -> Division | N70: NelnarAC | O70: Narayanpur | P70: Orchha | R70: Maad | S70: =weeknum(A70) -> 8 | T70: =month(A70) -> 2
A71: 45343 | B71: 70 | C71: ग्राम महुरपाट में21/02/24 को नक्सली कमांडर लखमूDVCM के साथ 8 वर्दी धारी नक्सली रहनेका सचू ना मि ला हैसर | D71: lkmu | E71: =vlookup(D71,DB!E:F,2,0) -> Lakhmu Kawachi | F71: 19°58'22.53"N 81°15'10.95"E | I71: 8 | K71: Local Human | L71: Human | M71: =vlookup(D71,DB!E:I,5,0) -> AreaCommittee | N71: RaoghatAC | O71: Narayanpur | P71: Sonpur | R71: NorthBastar | S71: =weeknum(A71) -> 8 | T71: =month(A71) -> 2
A72: 45343 | B72: 71 | D72: ukn | E72: =vlookup(D72,DB!E:F,2,0) -> Unknown | F72: 19°29'59.50"N 81° 6'31.46"E | I72: 10 | K72: Local Human | L72: Human | M72: =vlookup(D72,DB!E:I,5,0) | N72: KutulAC | O72: Narayanpur | P72: Kohkameta | R72: Maad | S72: =weeknum(A72) -> 8 | T72: =month(A72) -> 2
A73: 45343 | B73: 72 | D73: pdi | E73: =vlookup(D73,DB!E:F,2,0) -> Pandi@Dinesh | F73: 19.469397° 81.124935° | I73: 10 | K73: Local Human | L73: Human | M73: =vlookup(D73,DB!E:I,5,0) -> AreaCommittee | N73: =vlookup(D73,DB!E:G,3,0) -> KutulAC | O73: Narayanpur | P73: Kohkameta | R73: =VLOOKUP(D73,DB!E:H,4,0) -> Maad | S73: =weeknum(A73) -> 8 | T73: =month(A73) -> 2
A74: 45344 | B74: 73 | D74: ukn | E74: =vlookup(D74,DB!E:F,2,0) -> Unknown | F74: 19°15'41.85"N 81°25'24.42"E | I74: 30 | K74: Local Human | L74: Human | M74: =vlookup(D74,DB!E:I,5,0) | N74: BarsurAC | O74: Narayanpur | P74: Chhotedongar | R74: EastBastar | S74: =weeknum(A74) -> 8 | T74: =month(A74) -> 2
A75: 45344 | B75: 74 | D75: skr | E75: =vlookup(D75,DB!E:F,2,0) -> Sankar | F75: 19.401922° 81.450538° | I75: 18 | K75: IB | L75: Human | M75: =vlookup(D75,DB!E:I,5,0) -> AreaCommittee | N75: =vlookup(D75,DB!E:G,3,0) -> BarsurAC | O75: Narayanpur | P75: Chhotedongar | R75: =VLOOKUP(D75,DB!E:H,4,0) -> EastBastar | S75: =weeknum(A75) -> 8 | T75: =month(A75) -> 2
A76: 45344 | B76: 75 | D76: ukn | E76: =vlookup(D76,DB!E:F,2,0) -> Unknown | F76: 19°29'58.51"N 81° 6'32.51"E | I76: 10 | K76: Local Human | L76: Human | M76: =vlookup(D76,DB!E:I,5,0) | N76: KutulAC | O76: Narayanpur | P76: Kohkameta | R76: Maad | S76: =weeknum(A76) -> 8 | T76: =month(A76) -> 2
A77: 45344 | B77: 76 | D77: arb | E77: =vlookup(D77,DB!E:F,2,0) -> Arab@Kamlesh | F77: 19°28'47.41"N 81° 5'1.21"E | I77: 10 | K77: Local Human | L77: Human | M77: =vlookup(D77,DB!E:I,5,0) -> Division | N77: =vlookup(D77,DB!E:G,3,0) -> NelnarAC | O77: Narayanpur | P77: Orchha | R77: =VLOOKUP(D77,DB!E:H,4,0) -> Maad | S77: =weeknum(A77) -> 8 | T77: =month(A77) -> 2
A78: 45344 | B78: 77 | D78: snu | E78: =vlookup(D78,DB!E:F,2,0) -> Sannu | F78: 19.262249° 81.072834° | K78: CG SIB | L78: Human | M78: =vlookup(D78,DB!E:I,5,0) -> AreaCommittee | N78: =vlookup(D78,DB!E:G,3,0) -> IndravatiAC | O78: Narayanpur | P78: Orchha | R78: =VLOOKUP(D78,DB!E:H,4,0) -> Maad | S78: =weeknum(A78) -> 8 | T78: =month(A78) -> 2
A79: 45344 | B79: 78 | D79: llt | E79: =vlookup(D79,DB!E:F,2,0) -> Lalita | F79: 19°52'26.92"N 80°42'9.17"E | K79: Local Human | L79: Human | M79: =vlookup(D79,DB!E:I,5,0) -> Division | N79: =vlookup(D79,DB!E:G,3,0) -> PartapurAC | O79: Narayanpur | P79: Sonpur | R79: =VLOOKUP(D79,DB!E:H,4,0) -> NorthBastar | S79: =weeknum(A79) -> 8 | T79: =month(A79) -> 2
A80: 45344 | B80: 79 | D80: srs | E80: =vlookup(D80,DB!E:F,2,0) -> Suresh Salam | F80: 19°19'44.76"N 81°18'47.89"E | I80: 6 | K80: Local Human | L80: Human | M80: =vlookup(D80,DB!E:I,5,0) -> AreaCommittee | N80: =vlookup(D80,DB!E:G,3,0) -> AmdaiAC | O80: Narayanpur | P80: Chhotedongar | R80: =VLOOKUP(D80,DB!E:H,4,0) -> EastBastar | S80: =weeknum(A80) -> 8 | T80: =month(A80) -> 2
A81: 45344 | B81: 80 | D81: ukn | E81: =vlookup(D81,DB!E:F,2,0) -> Unknown | F81: 19.379964° 81.310643° | I81: 4 | K81: CG SIB | L81: Human | M81: =vlookup(D81,DB!E:I,5,0) | N81: AmdaiAC | O81: Narayanpur | P81: Chhotedongar | R81: EastBastar | S81: =weeknum(A81) -> 8 | T81: =month(A81) -> 2
A82: 45344 | B82: 81 | D82: ukn | E82: =vlookup(D82,DB!E:F,2,0) -> Unknown | F82: 19.354797° 81.336323° | I82: 5 | K82: Local Human | L82: Human | M82: =vlookup(D82,DB!E:I,5,0) | N82: AmdaiAC | O82: Narayanpur | P82: Chhotedongar | R82: EastBastar | S82: =weeknum(A82) -> 8 | T82: =month(A82) -> 2
A83: 45344 | B83: 82 | C83: जिला नारायणपुर क्षेत्रांतर्गत ग्राम कस्तुरमेटा (पुलिस थाना कुकड़ाझोर के पुलिस कैम्प आकाबेड़ा से करीबन 06 किमी दक्षिण दिशा) में दिनांक 21.02.2024 के रात्रि में नेलनार एरिया कमेटी सदस्य सोमड़ू के अलावा 08-10 की संख्या में सशस्त्र माओवादियों को भ्रमण करते देखे जाने की सूचना है।* | D83: smd | E83: =vlookup(D83,DB!E:F,2,0) -> Somdu Madkam | F83: 19°33'56.83"N 81° 8'51.42"E | I83: 8 | J83: 4 | K83: Local Human | L83: Human | M83: =vlookup(D83,DB!E:I,5,0) -> AreaCommittee | N83: =vlookup(D83,DB!E:G,3,0) -> NelnarAC | O83: Narayanpur | P83: Kukrajhor | R83: =VLOOKUP(D83,DB!E:H,4,0) -> Maad | S83: =weeknum(A83) -> 8 | T83: =month(A83) -> 2
A84: 45344 | B84: 83 | D84: pdi | E84: =vlookup(D84,DB!E:F,2,0) -> Pandi@Dinesh | F84: 19°35'18.91"N 81° 1'32.37"E | I84: 10 | K84: Local Human | L84: Human | M84: =vlookup(D84,DB!E:I,5,0) -> AreaCommittee | N84: =vlookup(D84,DB!E:G,3,0) -> KutulAC | O84: Narayanpur | P84: Orchha | R84: =VLOOKUP(D84,DB!E:H,4,0) -> Maad | S84: =weeknum(A84) -> 8 | T84: =month(A84) -> 2
A85: 45344 | B85: 84 | D85: arb | E85: =vlookup(D85,DB!E:F,2,0) -> Arab@Kamlesh | F85: 19°29'58.62"N 81° 7'32.57"E | I85: 30 | J85: 4 | K85: Local Human | L85: Human | M85: =vlookup(D85,DB!E:I,5,0) -> Division | N85: =vlookup(D85,DB!E:G,3,0) -> NelnarAC | O85: Narayanpur | P85: Orchha | R85: =VLOOKUP(D85,DB!E:H,4,0) -> Maad | S85: =weeknum(A85) -> 8 | T85: =month(A85) -> 2
A86: 45344 | B86: 85 | D86: ajn | E86: =vlookup(D86,DB!E:F,2,0) -> Arjun | F86: 19°20'48.85"N 81°16'8.52"E | I86: 5 | K86: Local Human | L86: Human | M86: =vlookup(D86,DB!E:I,5,0) -> AreaCommittee | N86: =vlookup(D86,DB!E:G,3,0) -> IndravatiAC | O86: Narayanpur | P86: Chhotedongar | R86: =VLOOKUP(D86,DB!E:H,4,0) -> Maad | S86: =weeknum(A86) -> 8 | T86: =month(A86) -> 2
A87: 45344 | B87: 86 | D87: ndu | E87: =vlookup(D87,DB!E:F,2,0) -> Nandu | F87: 19°16'48.38"N 81°18'1.84"E | K87: Local Human | L87: Human | M87: =vlookup(D87,DB!E:I,5,0) -> CYPC | N87: =vlookup(D87,DB!E:G,3,0) -> Company No. 6 | O87: Narayanpur | P87: Chhotedongar | R87: =VLOOKUP(D87,DB!E:H,4,0) -> EastBastar | S87: =weeknum(A87) -> 8 | T87: =month(A87) -> 2
A88: 45344 | B88: 87 | D88: rjt | E88: =vlookup(D88,DB!E:F,2,0) -> Ranjit | F88: 19.442817° 80.939591° | I88: 5 | K88: Local Human | L88: Human | M88: =vlookup(D88,DB!E:I,5,0) -> AreaCommittee | N88: =vlookup(D88,DB!E:G,3,0) -> KutulAC | O88: Narayanpur | P88: Kohkameta | R88: =VLOOKUP(D88,DB!E:H,4,0) -> Maad | S88: =weeknum(A88) -> 8 | T88: =month(A88) -> 2
A89: 45344 | B89: 88 | C89: ALERT-Narayanpur: A group of armed CPI (Maoist) cadres led by Budhru (ACM, Nelnar AC) was noticed in the forest area of village Rainar (7-8 Km north of PS Orchha), district Narayanpur on February 22, 2024. On instructions of Maoists of Nelnar AC, Maoist sympathizers are conducting recce of the area and are likely to plant IEDs on Dhanora-Orchha road. 2. The above mentioned location comes under Nelnar AC/Red/10 Km south of nearby ITBP camp at PS Dhanora.-SIB PHQ CG | D89: bdu | E89: =vlookup(D89,DB!E:F,2,0) -> Budru@Badru | F89: 19°24'18.00"N 81°12'21.40"E | K89: CG SIB | L89: Human | M89: =vlookup(D89,DB!E:I,5,0) -> AreaCommittee | N89: NelnarAC | O89: Narayanpur | P89: Dhanora | R89: Maad | S89: =weeknum(A89) -> 8 | T89: =month(A89) -> 2
A90: 45344 | B90: 89 | C90: kademeta और Burgum के बीच दो दिन से रात में करीबन नौ बजे के समय में 21और 22 तारीक को तीन से आठ नक्सली के हल चल सिविल में होने की suchna है सर | D90: ukn | E90: =vlookup(D90,DB!E:F,2,0) -> Unknown | F90: 19°19'38.17"N 81°23'48.01"E | I90: 3 | K90: Local Human | L90: Human | M90: =vlookup(D90,DB!E:I,5,0) | N90: BayanarAC | O90: Narayanpur | P90: Chhotedongar | R90: EastBastar | S90: =weeknum(A90) -> 8 | T90: =month(A90) -> 2
A91: 45344 | B91: 90 | C91: सत्रू के muthabik जिला Narayanpur के थाना ओरछा क्षेत्रांतर्गतर्ग ग्राम मरकाबेड़ा (थाना ओरछा सेलगभग 12 कि मी दक्षिण दिशा) मे दिनांक 22.02.2024 के रात्रि को LGS कमाण्डर ACm रामदास वेक्को,सहि त 11-12 की सख्ं या में सशस्त्र महिला, परुुष माओवादि यों की उपस्थि ति देखे जाने की सचूना है।* | D91: rmd | E91: =vlookup(D91,DB!E:F,2,0) -> Ramdas | F91: 19°17'21.93"N 81°10'10.63"E | I91: 11 | J91: 2 | K91: CG SIB | L91: Human | M91: =vlookup(D91,DB!E:I,5,0) -> AreaCommittee | N91: =vlookup(D91,DB!E:G,3,0) -> IndravatiAC | O91: Narayanpur | P91: Orchha | R91: =VLOOKUP(D91,DB!E:H,4,0) -> Maad | S91: =weeknum(A91) -> 8 | T91: =month(A91) -> 2
A92: 45344 | B92: 91 | C92: -जि ला नारायणपरु थाना ओरछा से करीबन 18 कि मी पश्चिम दिशा ग्राम गोमागाल में दिनांक 22.02.2024 के रात्रि में माड़ डीवीजन सचि व एसजेडसीएम रनि ता उर्फ जयमती सहि त 15-20 सशस्त्र माओवादि यों के उपस्थि ति सचू ना है। उक्त माओवादी ग्रपु में कमली नामक महिला भी उपस्थित थी।-SIB PHQ CG | D92: rnt | E92: =vlookup(D92,DB!E:F,2,0) -> Ranita@Jaymati | F92: 19.417460° 81.068455° | I92: 15 | K92: CG SIB | L92: Human | M92: =vlookup(D92,DB!E:I,5,0) -> SubZonal | N92: IndravatiAC | O92: Narayanpur | P92: Orchha | R92: Maad | S92: =weeknum(A92) -> 8 | T92: =month(A92) -> 2
A93: 45344 | B93: 92 | C93: जिला नारायणपरु के थाना कुरुषनार क्षेत्रांतर्गतर्ग ग्राम झारावाही (थाना कुरुषनार सेलगभग 08 दक्षिण दिशा एवं थाना कोहकामेटा से करिबन 07 कि मी पर्वू र्वदिशा) में दिनांक 22.02.2024 के सध्ंया करिबन 18:30 बजे से अज्ञात 07-08 की सख्ं या में सशस्त्र महिला-परुुष माओवादी ग्राम झारावाही में रात्रि रूक कर आज दिनांक 23.02.2024 को प्रातः ग्राम तडोकुर की ओर चले जाने की सचूना है।* | D93: ukn | E93: =vlookup(D93,DB!E:F,2,0) -> Unknown | F93: 19°38'13.50"N 81° 7'5.34"E | I93: 7 | J93: 2 | K93: Local Human | L93: Human | M93: =vlookup(D93,DB!E:I,5,0) | N93: KutulAC | O93: Narayanpur | P93: Kohkameta | R93: Maad | S93: =weeknum(A93) -> 8 | T93: =month(A93) -> 2
A94: 45344 | B94: 93 | C94: Gram irakbhatti aur kachchapal ke beech me 8, 10 naxali kal 22/02 sham ke karib 17/00 baje dekhe Gaye hai. | D94: ukn | E94: =vlookup(D94,DB!E:F,2,0) -> Unknown | F94: 19°35'39.08"N 81° 1'40.99"E | I94: 8 | J94: 4 | K94: Local Human | L94: Human | M94: =vlookup(D94,DB!E:I,5,0) | N94: KutulAC | O94: Narayanpur | P94: Orchha | R94: Maad | S94: =weeknum(A94) -> 8 | T94: =month(A94) -> 2
A95: 45344 | B95: 94 | C95: Sannu (ACM Orchha LoS ) had conducted a meeting in village-Gomagal | D95: snu | E95: =vlookup(D95,DB!E:F,2,0) -> Sannu | F95: 19°25'34.81"N 81° 4'12.99"E | K95: IB | L95: Human | M95: =vlookup(D95,DB!E:I,5,0) -> AreaCommittee | N95: KutulAC | O95: Narayanpur | P95: Kohkameta | R95: Maad | S95: =weeknum(A95) -> 8 | T95: =month(A95) -> 2
A96: 45345 | B96: 95 | C96: कैंप कडेनार से 3 km दूर दक्षिण में ग्राम burgum के पास दिनांक 21.2.24 वा 22.02.24 के रात्रि 9 बजे के आसपास 5,6 नक्सली सादी वर्दी में देखे गए है सर। | D96: ukn | E96: =vlookup(D96,DB!E:F,2,0) -> Unknown | F96: 19.327757° 81.391744° | I96: 8 | J96: 2 | K96: Local Human | L96: Human | M96: =vlookup(D96,DB!E:I,5,0) | N96: AmdaiAC | O96: Narayanpur | P96: Chhotedongar | R96: EastBastar | S96: =weeknum(A96) -> 8 | T96: =month(A96) -> 2
A97: 45345 | B97: 96 | C97: Narayanpur: A group of CPI (Maoist) cadres (15-18) led by Arab @ Kamlesh (DVCM/Secy, Neinar AC) is currently (February 22, 2024) camping in forest area between villages Gattakal (19 Km south of PS Kohkameta district Narayanpur) and Dumnar (22 Km west of PS Dhanora), district Narayanpur | D97: arb | E97: =vlookup(D97,DB!E:F,2,0) -> Arab@Kamlesh | F97: 19°31'3.13"N 81° 5'44.06"E | I97: 15 | K97: CG SIB | L97: Human | M97: =vlookup(D97,DB!E:I,5,0) -> Division | N97: =vlookup(D97,DB!E:G,3,0) -> NelnarAC | O97: Narayanpur | P97: Kohkameta | R97: =VLOOKUP(D97,DB!E:H,4,0) -> Maad | S97: =weeknum(A97) -> 8 | T97: =month(A97) -> 2
A98: 45345 | B98: 97 | C98: Narayanpur: According to an input, unidentified CPI Maoist cadres (02, female) are residing at residence of one Peka Usendi at village Nelangur (32 Km south west of PS Kohkameta, District Narayanpur, on MH-CG border), for the past one week. As per the information, one of the aforesaid Maoist cadre sustained bullet injury and is undergoing Ayurveda treatment from Peka Usendi.-SIB | D98: ukn | E98: =vlookup(D98,DB!E:F,2,0) -> Unknown | F98: 19°28'53.48"N 80°54'20.99"E | I98: 2 | K98: CG SIB | L98: Human | M98: =vlookup(D98,DB!E:I,5,0) | N98: KutulAC | O98: Narayanpur | P98: Kohkameta | R98: Maad | S98: =weeknum(A98) -> 8 | T98: =month(A98) -> 2
A99: 45345 | B99: 98 | C99: Budhru (ACM) along with 10-15 armed and uniformed cadres are camping near forest area of Rengabeda /Moksul (5km north-west of PS Orchha, distt Narayanpur ). | D99: bdr | E99: =vlookup(D99,DB!E:F,2,0) -> Badru | F99: 19°24'26.82"N 81° 9'26.16"E | I99: 10 | J99: 2 | K99: IB | L99: Human | M99: =vlookup(D99,DB!E:I,5,0) -> AreaCommittee | N99: =vlookup(D99,DB!E:G,3,0) -> KutulAC | O99: Narayanpur | P99: Orchha | R99: =VLOOKUP(D99,DB!E:H,4,0) -> Maad | S99: =weeknum(A99) -> 8 | T99: =month(A99) -> 2
A100: 45345 | B100: 99 | C100: :कंुदलु से पेरमापाल जाने वाले मार्ग के पर्वू र्व दिशा में टेकरी में 07 वेपन/वर्दी धारी नक्सली के देखे जानेकी सचूना ह | D100: ukn | E100: =vlookup(D100,DB!E:F,2,0) -> Unknown | F100: 19°25'16.11"N 81°16'15.14"E | I100: 7 | J100: 2 | K100: Local Human | L100: Human | M100: =vlookup(D100,DB!E:I,5,0) | N100: AmdaiAC | O100: Narayanpur | P100: Chhotedongar | R100: EastBastar | S100: =weeknum(A100) -> 8 | T100: =month(A100) -> 2
...

Sheet Profile
A1: Id | B1: Name | C1: Rank | D1: Reward | E1: Weapon | F1: Divison | G1: Area Commitee | H1: Company | I1: Platoon | J1: Work Area | K1: LOS | L1: LGS | M1: Jury | N1: Description
A2: 1 | B2: uackyk ds'ko jko mQZ clojkt mQZ ch”vkj” nknk mQZ xxUuk mQZ izdk'k mQZ d`"-kk mQZ fot( mQZ nkjkiw ujflaEgk jsM~Ms firk Lo” ]u olqqqnsojko vk(q 66@21 irk ft(kuisrk] dksRkkEcyh] Jhdkdqye] lkfdu ft(UukisVuackyk ds'ko jko mQZ clojkt mQZ ch”vkj” nknk mQZ xxUuk mQZ izdk'k mQZ d`"-kk mQZ fot( mQZ nkjkiw ujflaEgk jsM~Ms firk Lo” ]u olqqqnsojko vk(q 66@21 irk ft(kuisrk] dksRkkEcyh] Jhdkdqye] lkfdu ft(UukisV | C2: lfpo lhihvkbZ ekvksoknh iksfyr C;wjks | D2: 1 djksM+ | E2: ,ds&47
A3: 2 | B3: x.kifr mQZ eqiYyk y{e.k jko mQZ th-,l- mQZ jeUuk mQZ Jhfuokl mQZ n;kuan mQZ panz'ks[kj mQZ eyUuk mQZ jktUuk mQZ cky jsM~Mh mQZ jk/kk fd'ku mQZ thih mQZ 'ks[kj mQZ lh,l firk xksiky jko mez 72@22 o"kZ fuoklh chjiqj ftyk&txfr;ky jkT;&rsyaxkuk | C3: iksfyr C;wjks lnL;]lsUVªy desVh lnL; | D3: 1 djksM+ | E3: ,ds&47
A4: 3 | B4: dRrke lqn'kZu mQZ vkuan mQZ FksUVw y{ehuj flaEgk pye mQZ Vh-,y-,u- pye mQZ lq/kkdj mQZ paVh ckyd`".kk] jke jktw mQZ vkj-vkj- mQZ vjfoan mQZ lkseUuk firk eYys'k vk;q 64@21 irk xzke csYyeiYyh] vkfnykckn] rsykaxkuk fuoklh gSnjkckn | C4: iksfyr C;wjks lnL;]lsUVªy desVh lnL;]lhvkjch lnL; | D4: 1 djksM+ | E4: ,ds&47
A5: 4 | B5: eykstqYyk osuqxksiky mQZ Hkwifr mQZ lksuw mQZ vHk; firk osudfr;k] vk;q 59@21] irk xzke isn~nkiYyh] djheuxj ftyk rsykaxkuk eYykstqyk os.kqxksiky jko mQZ foosd mQZ Hkwifr mQZ lksuw mQZ lksuw nknk mQZ vHk; mQZ jktu mQZ yPNUuk firk osadVs'k mez 67 o"kZ fuoklh f'koky;e jksM ftyk&isn~nkiYyh jkT;&rsyaxkuk | C5: iksfyr C;wjks lnL;]lsUVªy desVh lnL;]lhvkjch lnL; | D5: 1 djksM+ | E5: ,ds&47
A6: 5 | B6: fef'kj csljk mQZ lqfuZey firk niZu csljk vk;q 62@21 irk lUrky] enqUnh] irk fdjFkku ftyk fxjhnhg] >kj[ka.M | C6: iksfyr C;wjks lnL;] lsUVªy desVh lnL;]bZvkjch lnL;] lh,elh lnL;]bapktZ fcgkj LVsV desVh | D6: 1 djksM | E6: ,ds&47
A7: 6 | B7: foosd pkanjh ;kno mQZ iz;kax mQZ foosd mQZ djunk mQZ ysr: firk Lo- pd: eqjew] lkfdu vk;q 60@21] irk nYyqcq/kk ijklukFk] Fkkuk rq.nh] ftyk /kuckn] >kj[k.M | C7: lsUVªy desVh lnL;k] bZvkjch lnL;k] bapktZ >kj[ka.M LVsV desVh | D7: 40 yk[k | E7: ,ds&47
A8: 7 | B8: dknjh ukjk;.k jsM~Mh mQZ dkslk mQZZ xkSre mQZ lk/kw mQZ xksiUuk mQZ fouksn mQZ cwpUuk firk d`".kk jsM~Mh mez 66@22 o"kZ fuoklh xksikyjkoiYyh flfjflYyk ftyk&jktUuk ¼djheuxj½ jkT;&rsyaxkuk | C8: lsUVªy desVh lnL;]lhvkjch lnL;]bapktZ vkjihlh bu Mhds | D8: 40 yk[k | E8: ,ds&47
A9: 8 | B9: fFkfijh fr:ifr mQZ nsoth mQZ latho mQZ jes'k mQZ psru mQZ dqek mQZ nsoUuk mQZ lqn'kZu mez 62@22 o"kZ firk osadVkujlS;k o"kZ fuoklh H.N. 5-2-358 vacsMdj uxj dks:ryk ftyk&txfr;ky jkT;&rsyaxkuk | C9: lsUVªy desVh lnL;]lfpo lh,elh]lhvkjch lnL;k | D9: 40 yk[k | E9: ,ds&47
A10: 9 | B10: pUnzUuk mQZ iqYkqjh izlkn jko mQZ 'kadjUuk mQZ 'kadj jko mQZ jke ckcw firk Jhfuokl jko mez 65@22 o"kZ fuoklh ondkiqj ftyk&isnkiYyh jkT;&rsyaxkuk | C10: lsUVªy desVh lnL;k]lhvkch lnL;k]bapktZ rsykaxkuk LVsV desVh | D10: 40 yk[k | E10: ,ds&47
A11: 10 | B11: eksnse ckyk d`".kk mQZ ckykUuk mQZ HkkLdj mQZ jkepUnz mQZ jktsUnz mQZ eukst firk osUdfr;kx<@ osadVs'k +vk;q 59@22 irk efUndks.Vk ,e] /kuiqj] ftyk okjaxy rsykaxkuk | C11: lsUVªy]desVh]lnL;k]lhvkch]lnL;k]bapktZ]ckal/kkjk&?kqelkj&ukxkcyh]fMohtu desVh]mMh+lk LVsV desVh esEcj | D11: 40 yk[k | E11: ,ds&47
A12: 11 | B12: dapu nk mQZ izlkn mQZ dkapk mQZ jathr cksl mQZ lqeu vk;q 60@21 irk gkoM+k] nf{k.k caxky | C12: lsUVªy desVh lnL;k]bZvkjch lnL;k]bapktZ nf{k.k caxky LVsV desVh | D12: 40 yk[k | E12: ,ds&47
A13: 12 | B13: eYykjkth jsM~Mh mQZ lkRrkuk firk ohjk jsM~Mh mQZ laxzke mQZ y{e.k mQZ eqjyh firk ohj jsM~Mh vk;q 71@21 irk lkrqykiYyh oh] eksuFkuh ,e] ftyk djheuxj isn~nkiYyh rsykaxkuk | C13: lsUVªy desVh lnL;k]bapktZ vksfMlk LVsV desVh]lhvkjch lnL;k | D13: 40 yk[k | E13: ,ds&47
... A37: 36 | B37: fou; jsM~Mh mQZ dq'kuke v'kksd jsM~Mh mQZ eqjyh mQZ cynso firk lrh jsM~Mh] mez 50@2018 Fkzhekykfxjh] ftyk ukyxks.Mk] rsyaxkuk ¼o"kZ 2014 esa tsy ls NqVdj iqu% mlh in ij dk;Z dj jgk gS½] fnukad 22-08-23 dks tcyiqj ¼e/;izns'k½ ,Vh,l ds }kjk fxj¶rkj fd;k x;k gSA | C37: iwoZ esa &lfpo bZLV cLrj fMohtu] vkj-ds-ch- fMohtu bapktZ] Mh-ds-,l-tsM-lh lnL; | D37: bZuke& 25 yk[k | E37: ,ds&47
A38: 37 | B38: Mksaxk lkR;k xaxk/kj jko mQZ osaxw mQZ ujlUuk mez 70@22] lkfdu ujsUnz iqje xzke ih- xUukoje ftyk fo’kk[kkiV~ue vkU/kzizns’k | C38: Mh-ds-,l-tsM-lh] LVsV feysVªh deh'ku lnL; | E38: ,ds&47
A39: 38 | B39: jkteu mQZ jkteksgu mQZ HkkLdj mQZ osuq mQZ dankxVyk ;knfxjh mQZ jkteu e.Mkoh vkjlh,e mez 38 o"kZ] fuoklh cV~Vwikyh] guqekudks.Mk] eksnhdksaMk] Fkkuk in~e"kkyh ftyk okjaxy] ukFkZ rsyaxkuk vka/kzisn’k | C39: Mh-ds-,l-tsM-lh lnL;] bapktZ mRrj cLrj fMohtu] csjk if=dk dk phQ ,fMVj] | D39: bZuke&25 yk[k | E39: ,ds&47
A40: 39 | B40: osaxw nknk mez djhcu 70 o"kZ djhcu lkfdu rsyaxkuk | C40: Mh-ds-,l-tsM-lh lnL;] Mh-ds- Vh-Mh- izHkkjh | E40: ,ds&47
A41: 40 | B41: :ih mQZ t;k ifr lrh’k mQZ dksik mQZ NRrhl djhcu mez 52 o"kZ fuoklh egcwc uxj vkU/kzizns’k] gqfy;k & dn 5-7 QhV djhcu] jax xksjh] 'kjhj& [kMk cnu]] psgjk yEck] dkys yEcs cky j[krh gS] vka[kks esa p’ek yxkrh gS] fgUnh] gYch] xks.Mh] ejkBh] rsyxw Hkk"kk cksyrh gSA | C41: ,l-tsM-lh-,e--] Mh0ds0 tksu ch-lh-Vh-,l- bapktZ] ¼csfld dE;wfuLV Vªsfuax Ldqy½ | E41: ,ds&47 okdhVkdh lV
A42: 41 | B42: foosd mQZ fcjlk mez 50 o"kZ djhcu lkfdu rsyaxkuk | C42: Mh-ds-,l-tsM-lh lnL;] osaxw dk Mh-ds- Vh-Mh- lgk;d | E42: ,ds&47
A43: 42 | B43: ikik jko lkfdu vkU/kzizns'k | C43: Mh-ds-,l-tsM-lh lnL;] if'pe cLrj fMohtu izHkkjh] feM+axqj if=dk dk phQ ,fMVj | E43: ,ds&47
A44: 43 | B44: fodkl lkfdu rsyaxkuk | C44: Mh-ds-,l-tsM-lh lnL;] nf{k.k cLrj fMohtu izHkkjh | E44: ,ds&47
A45: 44 | B45: izHkkdj lkfdu vkU/kzizns'k | C45: Mh-ds-,l-tsM-lh lnL;] if'pe cLrj C;wjks bapktZ | E45: ,ds&47
A46: 45 | B46: jru mQZ fnus'k mQZ iqlq mQZ m/keflag fuoklh x<fpjkSyh | C46: mRrj C;wjks lIykbZ Vhe bapktZ ¼vkj-lh-,e-½ | E46: ,ds&47
A47: 46 | B47: ds0 jkepUnz jsM~Mh mQZ xqMlk mls.Mh mQZ fot; mQZ tq: mQZ lquhy mQZ jktw mez 58@21 fuoklh&xzke frxykxqV~Vk iYyh ftyk djheuxj rsyaxkuk | C47: lh-lh-,e-] bapktZ mRrj jhtuy C;wjks] bapktZ@ ¼Mhds,ltsMlh½] ,l-,e-lh-] iwoZ esa Mh-ds-,l-tsM-lh lnL;@izHkkjh iwohZ cLrj fMohtu | D47: 25 yk[k
A48: 47 | B48: jkensj mQZ eTthnso mQZ etch] mez 52@21 fuoklh& xzke eTthsesaMjh ¼HkSjex<+½ Fkkuk csnjs ftyk chtkiqj N0x0 | C48: Mh-ds-,l-tsM-lh lnL;, lfpo ,l-,e-lh-, bZuke&25 yk[k | D48: 25 yk[k
A49: 48 | B49: rDdkykiYyh oklqnso jko mQZ lrh'k mQZ lqftr mQZ oklq] firk fc[kkifr jko] mez 55@21 fuoklh& xzke iksyksuh iYyh y{ehnso isV] O;adViqje e.My ftyk okjaxy rsyaxkuk | C49: Mh-ds-,l-tsM-lh lnL;, iwoZ izHkkjh ,e-vkbZ] iwoZ vkj-ds-ch- fMohtu dEiuh uEcj 01] 05] 06 dk bapktZ | D49: 25 yk[k
A50: 49 | B50: vnqey O;adVsl eklk mQZ lUrq mez 47@21] fuoklh& xzke ikyksMh Fkkuk fdLVkjke ftyk lqdek N0x0 | C50: Mh-ds-,l-tsM-lh lnL;] ,l-,l-lh- lnL;] bZuke&25 yk[k | D50: 25 yk[k | E50: ,ds&47
A51: 50 | B51: ekMoh fgM+ek mQZ fgM+eUuk mQZ larks"k mez 48@2022] fuoklh&xzke iqorhZ Fkkuk txjxq.Mk ftyk lqdek N0x0 | C51: Mh-ds-,l-tsM-lh lnL;@dek.Mj] ih,yth, cVk0 ua0&01 | D51: 25 yk[k | E51: ,ds&47
A52: 51 | B52: Mksaxk lkR;k xaxk/kj jko mQZ osaxw mQZ ujlUuk mez 70@22] lkfdu ujsUnz iqje xzke ih- xUukoje ftyk fo’kk[kkiV~ue vkU/kzizns’k | C52: Mh-ds-,l-tsM-lh@ LVsV feysVªh deh'ku lnL; | E52: ,ds&47
A53: 52 | B53: yksdsrh pUnj mQZ izHkkdj mQZ ikndky Lokeh mQZ jfo firk jkepUnsj mez 53@21 fuoklh& xzke bljksthokM+k lnkf'ko uxj] e.My dkekjsM~Mh ftyk futkekckn rsyaxkuk | C53: Mh-ds-,l-tsM-lh@ LVsV feysVªh deh'ku lnL;@izHkkjh dEiuh ua0&10 | D53: 25 yk[k | E53: ,ds&47
A54: 53 | B54: fxj/kj mQZ ukxlq mQZ eulq rqejsVh fuoklh& xzke tosyh rglhy ,VvkiYyh Fkkuk dlulwj ftyk x<fpjkSyh | C54: Mh-ds-,l-tsM-lh lnL;] izHkkjh daiuh ua0&04 | D54: 25 yk[k | E54: ,ds&47
A55: 54 | B55: bjh eksgu jsMMh mQZ foosd mQZ HkLdj mQZ mes'k mQZ izdk'k mQZ egs'k mQZ fot; mQZ lqjsUnz firk bZjh f'kok jsM~Mh] mez 63 o"kZ] tUe frfFk 03-10-1960 tkrh & jsM~Mh] lkfdu& dksapUukiYyh fujey vkU/kzizns'k] f'k{kk & 10 ikl | C55: Mh-ds-,l-tsM-lh lnL; bZuke&25 yk[k | D55: 25 yk[k | E55: ,ds&47
A56: 55 | B56: jfurk mQZ t;efr ifr lkseth lkfdu ,sugqj Fkkuk fldlksM+ ftyk dkadsj NRrhlx<+ gqfy;k & dn 5 QhV djhcu] jax xksjh] 'kjhj lk/kkj.k] psgjk yEck] dkys yEcs cky j[krh gS] NRrhlx<+h] fgUnh] gYch] xks.Mh Hkk"kk cksyrh gSA | C56: ,ltsMlh,e- lnL; ekM+ fMohtu lfpo]dqrqy ,fj;k desVh lfpo] Hkwedky if=dk dh phQ ,fMVj | E56: ,ds&47 okdhVkdh lsB
A57: 56 | B57: uhfr mQZ mfeZyk mQZ dksis lkfdu ,ydkxq.Mk xaxkywj {ks= ftyk chtkiqj gqfy;k & dn 5-2 QhV] jax lkaoyh] yEcs cky] bdgjk] cnu] psgjk piVk fgUnh] xks.Mh] nksjyh] rsyxw cksyrh | C57: Mh-Ogh-lh- lnL; iwoZ cLrj fMohtu lfpo fMohtu izoDrk Hkwedky lans'k if=dk dh phQ ,fMVj ckjlwj ,fj;k desVh lfpo iwoZ cLrj lh-,u-,e- bapktZ | E57: ,ds&47@ vkbZdke lsV | F57: iwoZ cLrj | G57: ckjlwj
A58: 57 | B58: fueZyk mez 30@22 o"kZ djhcu tkfr n.Mkeh lkfdu rkfdyksM Fkkuk HkSjex<+ ftyk chtkiqj N0x0 gqfy;k & dn 5 QhV] jax lkaoyh] yEcs cky] iryk 'kjhj] psgjk xksy fgUnh] xks.Mh] nksjyh] cksyrh gSA | C58: Mh-Ogh-lh- lnL; iwoZ cLrj fMohtu dek.M bu phQ cks/k?kkV ,fj;k desVh lfpo | E58: ,ds&47@ vkbZdke lsV | F58: iwoZ cLrj | G58: cks/k?kkV
A59: 58 | B59: tkudw mQZ lqjs’k lyke firk fxt: lyke mez 45@22 o"kZ djhcu tkfr xks.M lkfdu NksVsQjlxkao Fkkuk Qjlxkao ftyk ukjk;.kiqj N0x0 gqfy;k & dn 5-5 QhV] jax lkaoyk] 'kjhj&lkekU;] psgjk xksy] eqN j[krk gS] fgUnh] xks.Mh] NRrhlx<+h Hkk"kk dk Kku gSA | C59: Mh-Ogh-lh- lnL; venbZ?kkVh ,fj;k desVh lfpo venbZ?kkVh ,fj;k desVh izHkkjh | E59: ,ds&47 | G59: venbZ?kkVh
A60: 59 | B60: jStw yksgkj mQZ julk; firk cTtw lyke mez 45@22 o"kZ djhcu tkfr yksgkj lkfdu ejldksy Fkkuk /kkSMkbZ ftyk ukjk;.kiqj N0x0 gqfy;k & dn 5-7 QhV djhcu] jax lkoyk] 'kjhj e/;e] eqN j[krk gS] fgUnh] gYch] xks.Mh] NRrhlx<+ cksyrk gSA | C60: Mh-Ogh-lh- lnL; c;kukj ,fj;k desVh lfpo | E60: ,ds&47 @vkbZdke lsV | G60: c;kukj
A61: 60 | B61: eqjyh lyke mez 40@22 o"kZ djhcu tkfr xks.M] lkfdu e.Mkukj Fkkuk vkekcsMk] ftyk dkadsj Nx gqfy;k & dn& e/;e] jax lkaoyk] xBhyk cnu] cky gYdk ?kq?kjkyw] eqN ugha j[krk gSA fgUnh] xks.Mh] NRrhlx<+h] gYch Hkk"kk cksyrk gSA | C61: Mh-Ogh-lh- lnL; izHkkjh fMohtu Vsyj Vhe izHkkjh fMohtu lIykbZ Vhe | E61: blakl@vkbZdke lsV
A62: 61 | B62: liuk mQZ liuDdk ifr ';ke mQZ pSrq mQZ fxjh jsM~Mh mez djhcu 55 o"kZ lkfdu xzke nkejapk ftyk x<+fpjkSyh egkjk"VªkAgqfy;k & dn 5-3 QhV djhcu] jax xksjh] 'kjhj& [kMk cnu]] psgjk yEck] dkys yEcs cky j[krh gS] fgUnh] gYch] xks.Mh] ejkBh] rsyxw Hkk"kk cksyrh gSA | C62: Mh-Ogh-lh- lnL; ekM+ fMohtu lIykbZ bapktZ baUnzorh ,fj;k turkuk ljdkj v/;{ | E62: ,ds&47 okdhVkdh lsB | F62: ekM | G62: bUnzkorh
A63: 62 | B63: e/kq mQZ deykdj mez 35@22 o"kZ djhcu lkfdu vkU/kzizns’k- gqfy;k & dn 5-5 QhV djhcu] jax dkyk] eqN j[krk gS] f’k{kk & i<+k fy[kk gS] Hkk"kk & xks.Mh] rsyxw] fgUnh Hkk"kk dk Kku gSA | C63: Mh-Ogh-lh- lnL; lfpo & bUnzkorh ,fj;k desVh | E63: ,ds&47 okdhVkdh lsB] LekVZQksu | G63: bUnzkorh
A64: 63 | B64: jkf/kdk mQZ jk/kDdk mQW inek ifr dkslk mQZ xkSre mez djhcu 60 o"kZ lkfdu xzke jktkjke vgsjh x<+fpjkSyh] egjk"Vªk A gqfy;k & dn 5- QhV djhcu] jax lkaoyh] 'kjhj& Hkkjh] eksVh] psgjk xksy] dkys yEcs cky j[krh gS] NRrhlx<+h] fgUnh] gYch] xks.Mh] ejkBh] rsyxw Hkk"kk cksyrh gSA | C64: Mh-Ogh-lh- lnL; iwoZ ekM+ fMohtu turkuk ljdkj v/;{k ¼vf/kdrj chekj jgus ds dkj.k orZeku esa dksbZ Hkh ftEesnkjh ugha fn;k x;k gSA½ | E64: ,ds&47 okdhVkdh lsB | F64: iwoZ ekM+
A65: 64 | B65: eys’k vksM+h lkfdu xzke ikys flyek xzke rqEehj ¼ikykpyek½ Fkkuk fdLVkje ftyk lqdek ¼ iwoZ esa 16 uEcj IykVwu bapktZ Fkk ½ gqfy;k & dn 5-7 QhV djhcu] jax dkyk] 'kjhj& [kMk cnu]] psgjk xksy] dkys ?kq?kjkyw cky j[krk gS] eqN j[krk gSA ges’kk onhZ esa jgrk gSA xks.Mh] fgUnh] n.Mkeh]] rsyxw Hkk"kk cksyrk gSA | C65: DVCM Mhds lIykbZ bapktZ | E65: ,ds&47
A66: 65 | B66: vjc mQZ deys’k mez 40@22 o"kZ djhcu lkfdu nf{k.k cLrj gqfy;k & dn 5-7 QhV djhcu] jax lkoyk] gYdk eqN j[krk gS] f’k{kk & laxBu esa i<+kbZ fd;k gS] Hkk"kk & xks.Mh] rsyxw] fgUnh Hkk"kk dk Kku gSA | C66: MhOghlh,e@usyukj ,fj;k desVh bapktZ@lfpo @fMohtu lh,u,e | E66: ,l-,y-vkj okdhVkdh lsB | G66: usyukj
A67: 66 | B67: jkts dkaxs mQZ eyksrhu dkaxs mQZ fueZyk ifr izHkkdj lkfdu xzke dlbZ Qjlxkao] Fkkuk cMsMksaxj ftyk dks.Mkxkao N0x0 | C67: Mh-Ogh-lh- lnL; iwoZ jko?kkV ,fj;k desVh izHkkjh | E67: ,ds&47 okdhVkdh lsB | G67: jko?kkV
A68: 67 | B68: eerk eerDdk mQZ olUuk mQZ iklwyk xeckyk mQZ inek lkfdu fljhdksaVk e.My dFkykiqj vkU/kzizns’k | C68: Mh-Ogh-lh- lnL; jko?kkV ,fj;k desVh lfpo mRrj cLrj fMohtu ds-,-,e-,l-izHkkjh | E68: LVsuxu | F68: mRrj cLrj | G68: jko?kkV
A69: 68 | B69: yfyrk ifr jkensj lkfdu Hkkejkx<+ {ks= xzke dkS.Ms eTthes.Mªh unh fdukjs Fkkuk csnjs ftyk chtkiqj | C69: Mh-Ogh-lh- lnL; fMohtu turkuk ljdkj leUo;d v/;{k | E69: ,ds&47 okdhVkdh lsB
A70: 69 | B70: lksuw dqesVh lkfdu iqlukj ftyk chtkiqj N0x0 | C70: Mh-Ogh-lh- lnL; fdldksMks ,fj;k desVh lfpo | E70: ,ds&47 okdhVkdh lsB | G70: fdldksMks
A71: 70 | B71: izlkn ekryke mez 35@22 o"kZ djhcu tkfr xks.M] lkfdu enkZ Fkkuk dks;yhcsMk ftyk dkadsj Nx | C71: DVCM fdldksMks ,fj;k desVh lfpo | E71: 303 jk;Qy | G71: fdldksMks
A72: 71 | B72: kadj mQZ eqjyh mQZ JhiYyh lq/kkdj lkfdu pYykxkfjx e.My fpr;ky vkU/kzizns’k dkadsj eqBHksM esa e`r | C72: Mh-Ogh-lh- lnL; iwoZ ijrkiqj ,-lh- lfpo orZeku tkudkjh ugha | E72: ,ds&47 okdhVkdh lsB | G72: iwoZ ijrkiqj
A73: 72 | B73: lq[kyky mQZ Hkhek mQZ HkheUuk lkfdu nf{k.k x<+fpjkSyh egkjk"Vª gqfy;k & dn 5-6 QhV] jax dkyk] NksV ?kw?kjkyw cky] [kMk dBhyk cnu] psgjk piVk vUnj dh vksj /klk gqvk] eqN j[krk gS] ges’kk onhZ igurk gS] fgUnh] xks.Mh] NRrhlx<+h] ejkBh] rsyxw cksyrk gSA | C73: Mh-Ogh-lh- lnL; mRrjcLrj fMohtu lIykbZ Vhe dek.Mj fMohtu izsl ;wfuV izHkkjh | E73: ,y-,y-vkj okdhVkdh lsV] | F73: mRrj cLrj
A74: 73 | B74: pEik ifr jkgqy mez 32@22 o"kZ djhcu lkfdu fiMfey ftyk x<+fpjkSyh egkjk"Vª gqfy;k & dn 5 QhV djhcu] jax lkoyh] psgjk xksy] 'kjhj& gYdh eksVh] f’k{kk & laxBu esa jgdj f’k{kk izkIr dh gS] Hkk"kk & xks.Mh] rsyxw] fgUnh Hkk"kk dk Kku gSA laxBu esa chekjksa dk bZykt djrh gS] ges’k onhZ esa jgrh gSA | C74: Mh-Ogh-lh- lnL; DK tksu MkDVj Vhe bapktZ orZeku esa dEiuh uEcj 01 esa dk;Zjr~ o MkDVj Vhe bapktZ | E74: balkl | H74: uEcj 01
A75: 74 | B75: fdj.k mQZ larq mez 35@22 o"kZ djhcu lkfdu vkU/kzizns’k gqfy;k & dn 5-5 QhV djhcu] jax lkoyk] gYdh eqN j[krk gS] psgjk xksy] 'kjhj& iryk cnu] f’k{kk & i<+k fy[kk gS] Hkk"kk & xks.Mh] rsyxw] fgUnh Hkk"kk dk Kku gSA ;s ges’kk onhZ esa jgrk gSA | C75: Mh-Ogh-lh- lnL; lsUVªy jhtuyC;wjkss dE;wfuds’ku dek.Mj | E75: balkl
A76: 75 | B76: nhuk ifr ysaxw nknk mez 50@23 o"kZ djhcu lkfdu rsyaxkuk izns’k ¼o"kZ 2022 esa nf{k.k cLrj {ks= esa VªkalQj esa pyh xbZ ½ gqfy;k & dn 5 QhV djhcu] jax xksjh] psgjk xksy] 'kjhj& e/;e] f’k{kk & i<+kbZ dh gSS] Hkk"kk & xks.Mh] rsyxw] fgUnh Hkk"kk dk Kku gSA | C76: Mh-Ogh-lh- lnL; fMohtu lh-,u-,e bapktZ@dek.Mj | E76: 303 jk;Qy
A77: 76 | B77: kqV~Vs mQZ NqV~Vs mQZ maxk mQZ cq/kjke mez 35@22 o"kZ djhcu lkfdu jsdkok; Fkkuk vksjNk ftyk ukjk;.kiqj gqfy;k & dn 5-6 QhV djhcu] jax lkoyk] eqN ugh j[krk gS] psgjk xksy] 'kjhj& lkekU;] f’k{kk & laxBu esa i<+k fy[kk gS] Hkk"kk & xks.Mh] rsyxw] fgUnh Hkk"kk dk Kku gSA ;s ges’kk onhZ esa jgrk gSA | C77: Mh-Ogh-lh- lnL; DK dE;qfuds’kUk Vhe dekaMj | E77: balkl
A78: 77 | B78: eaxrw mQZ jfo mez 38@22 o"kZ djchu lkfdu vkU/kz izns’k gqfy;k & dn 5-5 QhV djhcu] jax lkoyk] eqN j[krk gS] psgjk xksy] 'kjhj& etcwr] f’k{kk & laxBu esa i<+k fy[kk gS] Hkk"kk & xks.Mh] rsyxw] fgUnh Hkk"kk dk Kku gSA ;s ges’kk onhZ esa jgrk gSA | C78: Mh-Ogh-lh- lnL; DK dE;qfuds’ku Vhe dk bapktZ | E78: ,ds&47
A79: 78 | B79: panzk mQZ pUnzDdk mQZ ¼tksuh ifjofrZr uke & 2014½ mez 50@22 o"kZ djhcu lkfdu fo’kk[kkiVue vkU/kzizns’k gqfy;k & dn 5-5 QhV djhcu] jax xksjh] Hkjk gqvk 'kjhj] NksV cky j[krh gS] CyM izslj chekjh gS] vf/kdrj lkns diM+s esa jgrh gS] rsyxw] xks.Mh] Hkk"kk cksyrh gSA | C79: vkj-lh-,e- lnL; ¼jhtuy desVh esEcj½ ¼Mhohlh esEcj&iwoZ esa ekM+ fMohtu esa la;qDr ekspkZ ,oa 'kgjh usVodZ o Nk= vkWxZukbZts’ku izHkkjh½ | E79: dkckZbu@okdhVkdh lsV | F79: ekM+ | G79: jhtuy desVh esEcj | J79: kgjh {ks=
A80: 79 | B80: jketh mez 35@22 o"kZ djhcu lkfdu [kr:[kq’kxqM+h ¼ dq:lcksMh Fkkuk dks;yhcsM+k {ks=½ ftyk dkadsj gqfy;k & dn 5-6 QhV djhcu] jax lkoyk] eqN j[krk gS] psgjk xksy] 'kjhj& etcwr] f’k{kk & laxBu esa i<+k fy[kk gS] Hkk"kk & xks.Mh] rsyxw] fgUnh Hkk"kk dk Kku gSA ;s ges’kk onhZ esa jgrk gSA | C80: Mh-Ogh-lh- lnL; Mh-ds- baLVsDVj Vhe lnL; | E80: ,l-,y-vkj jk;QYk
A81: 80 | B81: foeyDdk mQzZ y{eh mQZ vfurDdk mQZ ofurDdk ifr lq[kyky lkfdu x<+fpjkSyh] egjk"Vªk gqfy;k & dn 5-3 QhV djhcu] jax lkaoyh] 'kjhj& [kMk cnu]] psgjk yEck] dkys yEcs cky j[krh gS] NRrhlx<+h] fgUnh] gYch] xks.Mh] ejkBh] rsyxw Hkk"kk cksyrh gSA | C81: Mh-Ogh-lh- lnL; izHkkjh ekM+ fMohtu Mh-,-ds-,e-,l- D.K. izsl ;wuhV dek.Mj | E81: ,ds&47 okdhVkdh lsV | F81: ekM+
A82: 81 | B82: lq/khj mQZ lksulk; -lkfdu okjaxy rsyaxkuk ¼ foLrkj esa dgh pyk x;k gS ½ | C82: Mh-Ogh-lh- lnL;] baUnzkorh ,fj;k desVh esa ,fj;k Lrj ij Ldqy pykrk gS cq<+k gksus ds dkj.k T;knk ewOgesaV ugha djrk iwoZ Hkwedky if=dk] iwoZ DK eksiksl] Ldqyba pktZ | E82: ,ds&47 okdhVkdh lsV | G82: bUnzkorh
A83: 82 | B83: izrki mez 40@22 o"kZ djhcu lkfdu vkU/kzizns’k] ¼o"kZ 2015 esa jhrk ds lkFk nqO;Zgkj djus ds dkj.k DVCM ls fMeksV dj ACM cuk dj VsDuhdy Vhe lnL; cuk fn;k x;k Fkk o"kZ 2021 esa iqu% Mh-Ogh-lh-,e- ds in esa izeks’ku feyk gS½ gqfy;k & dn 5-5 QhV djhcu] jax dkyk] eqN j[krk gS] ges’k onhZ esa jgrk gS] xks.Mh] rsyxw] fgUnh Hkk"kk dk Kku gSA | C83: Mh-Ogh-lh- lnL;] Mh-ds- VsDuhdy dek.Mj] 50 PL dek.Mj bl IykVwu dk dk;Z gfFk;kj cukuk] gfFk;kj fjis;j djuk gksrk gS½ | E83: balkl okdhVkdh lsV
A84: 83 | B84: lq[kyky dqatke mez 37@22 o"kZ djhcu tkfr n.Mkeh] lkfdu xzke jsdkok;k Fkkuk HkSjex<+ ftyk chtkiqj N-x-]gqfy;k & dn 5-5 QhV djhcu] jax lkaoyk 'kjhj lk/kkj.k] psgjk yEck] dkys cky] NRrhlx<+h] fgUnh] gYch] xks.Mh Hkk"kk cksyrk gSA 'kgjh usVodZ dk dk;Z Hkh djrk gS] xzkeh.kksa ls cktkj] 'kgj Hkstdj viuh vko’;drk dh lekxzh dz; djokrk gSA | C84: MhOghlh,e@dqrqy ,fj;k desVh] bapktZ@lfpo] dqrqy ,fj;k dek.M bu phQ | E84: balkl okdhVkdh lsV | G84: dqrqy
A85: 84 | B85: jhuk mQZ lqfurk ifr NqV~Vs mez 28@22 o"kZ djhcu lkfdu ftyk dkadsj] gqfy;k & dn 5 QhV djhcu] jax xksjh] 'kjhj lk/kkj.k] psgjk xksy] dkys yEcs cky j[krh gS] NRrhlx<+h] fgUnh] gYch] xks.Mh Hkk"kk cksyrh gSA | C85: MhOghlh,e@fMohtu turkuk ljdkj v/;{k] ¼iwoZ dksgdkesVk ,y-vks-,l- dek.Mj-½ | E85: 303 jk;Qy
A86: 85 | B86: jess'k misUM+h mQZ eqdss'k mez 32@22 o"kZ djhcu tkfr xks.M] lkfdu eyesVk Fkkuk rkMksdh ftyk dkadsj N0x0] gqfy;k & dn 5-7 QhV djhcu] jax lkaoyk] NksV cky] [kMk cnu] psgjk yEck] eqN j[krk gS] ges’kk onhZ igurk gS] fgUnh] xks.Mh] NRrhlx<+h] cksyrk gSA | C86: Mh-Ogh-lh- lnL;] dEiuh uEcj 05 lnL;] izHkkjh fefyVªh bUVsfytsUl Vhe]izksVsD’ku Vhe | E86: ,ds&47] okdhVkdh lsV] | H86: uEcj 05
A87: 86 | B87: izHkkdj mQZ jktUuk mQZ jfo mQZ ckyeqjh ukjk;.k jko mQZ osadUuk firk fd’ku jko xzke chjiqj lkjaxiqj e.My] ftyk djheuxj rsyaxkuk ¼lhlh,e x.kifr dk Hkfrtk½ | C87: Mh-Ogh-lh- lnL;] fMohtu lIykbZ Vhe bapktZ | E87: 9 ,e,e fiLVy
A88: 87 | B88: rhtw mez 28@22 o"kZ djhcu tkfr xks.M] lkfdu xV~Vkdky Fkkuk dks;yhcsMk ftyk dkadsj N0x0 | C88: Mh-Ogh-lh- lnL;] mRrj cLrj fMohtu APT Vhe izHkkjh | E88: ,l-,y-vkj- jk;Qy | F88: mRrj cLrj
A89: 88 | B89: eqds’k ifRu je’khyk mez 35@22 o"kZ djhcu lkfdu nf{k.k cLrj | C89: Mh-Ogh-lh- lnL;] izHkkjh Vsduhdy Vhe@Vsyj Vhe | E89: ,ds 47@vkbZdke
A90: 89 | B90: Tkhou mez 35@22 djhcu lkfdu ekuiqj ,fj;k ftyk jktukanxkao {ks= | C90: Mh-Ogh-lh- lnL;] mRrj jhtuy ekl dek.Mj | E90: ,ds&47 | F90: mRrj fjtuy
A91: 90 | B91: cynso mQZ lq)jke mez 35@22 o"kZ djhcu lkfdu bUnzkorh {ks= | C91: Mh-Ogh-lh- lnL;] ¼,e-vkbZ- fMohtu dek.M bu phQ½ | E91: ,ds&47@vkbZdke lsV
A92: 91 | B92: jes’k gqis.Mh mQZ eqds’k mez djhcu 30@22 o"kZ lkfdu eyesVk Fkkuk rkMksdh ftyk dkadsj | C92: Mh-Ogh-lh- lnL;] mRrj cLrj fefyVªh baVsfytsal ,e-vkbZ izksVsD’ku Vhe izHkkjh] m-c- eSuiqj fMohtu dk leUo;d | E92: ,l-,y-vkj- jk;Qy | F92: mRrj cLrj
A93: 92 | B93: eys’k vksM+h lkfdu xzke ikys flyek xzke rqEehj ¼ikykpyek½ Fkkuk fdLVkje ftyk lqdek] ¼ iwoZ esa 16 uEcj IykVwu bapktZ Fkk ½] gqfy;k & dn 5-7 QhV djhcu] jax dkyk] 'kjhj& [kMk cnu]] psgjk xksy] dkys ?kq?kjkyw cky j[krk gS] eqN j[krk gSA ges’kk onhZ esa jgrk gSA xks.Mh] fgUnh] n.Mkeh]] rsyxw Hkk"kk cksyrk gSA | C93: DVCM, Mhds lIykbZ bapktZ | E93: ,ds&47
A94: 93 | B94: rhtw mQZ lksek firk HkSajk xks.M mez djhcu 28@22 o"kZ lkfdu oV~Vsdky Fkkuk ijrkiqj ftyk dkadsj | C94: Mh-Ogh-lh- lnL;, mRrjcLrj fMohtu izksVsD’ku Vhe dek.Mj | E94: ,l-,y-vkj-jk;Qy | F94: mRrj cLrj
A95: 94 | B95: lksuw dqesVh lkfdu iqlukj ftyk chtkiqj | C95: Mh-Ogh-lh- lnL;] dek.Mj IykVwu uEcj 17] fdldksMks ,fj;k desVh lfpo | E95: ,ds&47@lsV | G95: fdldksMks
A96: 95 | B96: oxsZ’k mQZ ghjkflag dqesVh firk yYyw mez 35@22 o"kZ djhcu tkfr xks.M lkfdu nsoxkao Fkkuk vkekcsMk ftyk dkadsj ¼;s ges’kk lkns diMs esa jgrk gS½ gqfy;k & dn 5-6 QhV] jax lkaoyk] 'kjhj&lkekU;] psgjk xksy] eqN iryk j[krk gS] fgUnh] xks.Mh] NRrhlx<+h Hkk"kk dk Kku gSA | C96: Mh-Ogh-lh- lnL;] Hkkuiqjh foLrkj ,oa leUo; | E96: ,ds&47 jk;Qy
A97: 96 | B97: cynso mQZ lq)jke mez 35@22 o"kZ djhcu lkfdu bUnzkorh {ks= | C97: Mh-Ogh-lh- lnL;] ¼,e-vkbZ- fMohtu dek.M bu phQ½ | E97: ,ds&47@vkbZdke lsV
A98: 97 | B98: fot; jsM~Mh | C98: Mh-Ogh-lh- lnL;] vkjdsch fMohtu lfpo | E98: ,0ds0 47
A99: 98 | C99: Mh-Ogh-lh- lnL;] vkjdsch fMohtu lnL; | E99: ,0ds0 47
A100: 99 | B100: vthr fuoklh rq:"kesVk] ¼2024 esa ftyk ukjk;.kiqj esa vkRelefiZr ½ | C100: Mh-Ogh-lh- lnL;] Hkkuiqjh foLRkkj {ks= dks ns[krk gS | E100: ,0ds0 47
A101: 100 | B101: cnjh lkfdu vkUnzizns’k | C101: Mh-Ogh-lh- lnL;, Mhds- eksiksl bapktZ | E101: ,ds 47
A102: 101 | B102: gM+ek mQZ ludw lkfdu ikyslsyek ftyk lqdek | C102: Mh-Ogh-lh- lnL; | E102: ,ds&47@vkbZdke
A103: 102 | B103: jSyk mez 28@22 o"kZ djhcu lkfdu vkU/kzizns’k | C103: Mh-Ogh-lh- lnL;] Mhds- eksiksl lnL; | E103: ,ds 47
A104: 103 | B104: vfer mQZ nsoyky lkfdu flrje egkjk"Vª ckMZj | C104: Mh-Ogh-lh- lnL;] ekM+ izslk ;wfuV dek.Mj | E104: balkl
A105: 104 | B105: eqds’k lkfdu nf{k.k cLrj | C105: Mh-Ogh-lh- lnL;] bapktZ mRrjcLrj] fMohtu VsfDudy Vhe | E105: balkl jk;Qy | F105: MRrj cLrj
A106: 105 | B106: ljkstk rkeks mQZ lk;ch mez 32@23 o"kZ tkfr eqfj;k lkfdu rkfdyksM+ Fkkuk vksjNk ftyk ukjk;.kiqj | C106: Mh-Ogh-lh- lnL;] fMohtu balVªDVj Vhe dekaMj ¼iwoZ ds,,e,l v/;{k usyukj ,lh½ | E106: 303 jk;Qy | G106: usyukj
A107: 106 | B107: lqdk; fuoklh if'pe cLrj | C107: fMohtu Mh,ds,e,l v/;{k ¼izHkkj½] ¼,lh,e½ | E107: 303
A108: 107 | B108: xksiUuk mez djhcu 52 o"kZ fuoklh vkU/kzizns’k] ¼o"kZ 2020 esa foLrkj esa x<+fpjksyh dh vksj dgh VªkalQj gks x;k ½ | C108: Mh-Ogh-lh- lnL;] ekM+ fMohtu lnL;] ¼iwoZ VsDuhdy Vhe bapktZ ekM++½ | E108: 303 jk;Qy | F108: ekM+ fMohtu
A109: 108 | B109: Hkkuq mQZ Hkkuks mQZ ckuks mQZ vYywjh mez 45@22 o"kZ djhcu ¼efgyk½ fuoklh ftyk xqUVwj vkU/kzizns’k] ¼o"kZ 2022 esa rsyaxkuk esa vkRelefiZr ½ | C109: Mh-Ogh-lh- lnL;] ¼Mhds@fMohtu izsl ;wfuV bapktZ½ Hkwedky if=dk bapktZ ekM pyh xbZ gS | E109: dkckbZu@vkbZdke lsV
A110: 109 | B110: n’kZu in~nk mez 35@22 o"kZ djhcu] tkfr xks.M] lkfdu csMek vkekdy Fkkuk ckjlwj ftyk cLrj ¼o"kZ 2022 esa eqBHksM esa ekjk x;k ftyk dkadsj esa ½ | C110: Mh-Ogh-lh- lnL;] ijrkiqj ,fj;k desVh lnL;@ cMxkao ,yvks,l dek.Mj | E110: ,l,yvkj | G110: ijrkiqj
A111: 110 | B111: vk;rq lkfdu xaxkywj ,fj;k ftyk chtkiqj] ¼o"kZ 2019 esa laxBu NksMdj ?kj pyk x;k ½ | C111: Mh-Ogh-lh- lnL;, DK dE;qfuds’ku Vhe fMIVh dekaMj | E111: balkl
A112: 111 | B112: juknsj mQZ txu mQZ Jhukjk;.kk firk pUnzjuk mez 67@21 lkfdu Vsdy xqMse Fkkuk okjaxy] ftyk okjaxy ] rsyaxkuk] ¼o"kZ 2017 ls nf{k.k cLrj {ks= esa LFkkukuarj.k ½ | C112: Mh-Ogh-lh- lnL;, fMohtu d`f"k foHkkxk/;{k | E112: ,ds 47
A113: 112 | B113: vywjh d`".kkdqekjh mQZ lqtkrk mQZ lqtkrDdk mQZ lfjrk mQZ firk vywjh Hkqtx jko ifr x.kifr ¼tujy lsdsVªh lhihvkbZ½ ¼ekvksoknh½ mez 55 o"kZ lkfdu egcwc uxj vkU/kzizns’k] gqfy;k & dn 5-2 QhV djhcu] jax xksjh] 'kjhj lk/kkj.k] psgjk lkekU;] dkys yEcs cky j[krh gS] NRrhlx<+h] fgUnh] gYch] xks.Mh] nksjyh] rsyxw] ejkBh Hkk"kk cksyrh gSA | C113: ,l-tsM-lh-,e-] bapktZ ekM+ fMohtu] bZuke&25 yk[k | E113: ,ds&47] okdhVkdh lsB] ysiVki]LekVZ Qksu | F113: ekM+ fMohtu | J113: ftyk ukjk;.kiqj dk ekM+ {ks=] usyukj] bUnzkorh] dqrqy ,fj;k] egkjk"Vª ckMZjA
A114: 113 | B114: lfr’k mQZ VDdkykiYyh oklqnsojk mQZ oklw mQZ vlUuk mQZ lqftr mQZ dksik mQZ NRrhl mez djhcu 50 o"kZ fuoklh y{ehifr nsoisV] eaMh osadVkiqje] ftyk okjaxy rsyaxkuk] gqfy;k & dn 5-5 QhV djhcu] jax lkoyk] 'kjhj lk/kkj.k] psgjk lkekU;] dkys cky] eqN j[krk gS] fgUnh] xks.Mh] nksjyh] rsyxw] ejkBh Hkk"kk cksyrk gSA | C114: ,l-tsM-lh-,e-] izHkkjh ,e-vkbZ-] vkjdsch fMohtu] dEiuh uEcj 01]05]06 dk bapktZ | D114: bZuke&25 yk[k | E114: ,ds&47] okdhVkdh lsB] ysiVki]LekVZ Qksu | F114: vkjdsch fMohtu | J114: ftyk ukjk;.kiqj dk ekM+ {ks=] usyukj] bUnzkorh] dqrqy ,fj;k] egkjk"Vª ckMZjA
A115: 114 | B115: jfurk mQZ t;efr ifr lkseth lkfdu ,sugqj Fkkuk fldlksM+ ftyk dkadsj NRrhlx<+ gqfy;k & dn 5 QhV djhcu] jax xksjh] 'kjhj lk/kkj.k] psgjk yEck] dkys yEcs cky j[krh gS] NRrhlx<+h] fgUnh] gYch] xks.Mh Hkk"kk cksyrh gSA | C115: ,ltsMlh,e] ekM+ fMohtu lfpo] dqrqy ,0lh0 lfpo | E115: ,ds&47] okdhVkdh lsV | F115: ekM+ fMohtu | J115: ftyk ukjk;.kiqj dk ekM+ {ks=] usyukj] bUnzkorh] dqrqy ,fj;k] egkjk"Vª ckMZjA
A116: 115 | B116: jkf/kdk mQZ jk/kDdk mQW inek ifr dkslk mQZ xkSre mez djhcu 60 o"kZ lkfdu xzke jktkjke vgsjh x<+fpjkSyh] egjk"Vªk Agqfy;k & dn 5- QhV djhcu] jax lkaoyh] 'kjhj& Hkkjh] eksVh] psgjk xksy] dkys yEcs cky j[krh gS] NRrhlx<+h] fgUnh] gYch] xks.Mh] ejkBh] rsyxw Hkk"kk cksyrh gSA | C116: Mh-Ogh-lh- lnL;] iwoZ ekM+ fMohtu turkuk ljdkj v/;{k] ¼vf/kdrj chekj jgus ds dkj.k orZeku esa dksbZ Hkh ftEesnkjh ugha fn;k x;k gSA½ | E116: ,ds&47 okdhVkdh lsV | F116: iwoZ ekM+ fMohtu | J116: ftyk ukjk;.kiqj dk ekM+ {ks=] usyukj] bUnzkorh] dqrqy ,fj;k] egkjk"Vª ckMZjA
A117: 116 | B117: foeyDdk mQzZ y{eh mQZ vfurDdk mQZ ofurDdk ifr lq[kyky lkfdu x<+fpjkSyh] egjk"Vªk gqfy;k & dn 5-3 QhV djhcu] jax lkaoyh] 'kjhj& [kMk cnu]] psgjk yEck] dkys yEcs cky j[krh gS] NRrhlx<+h] fgUnh] gYch] xks.Mh] ejkBh] rsyxw Hkk"kk cksyrh gSA | C117: Mh-Ogh-lh-,e-]izHkkjh ekM+ fMohtu DAKMS, izHkkjh ekM+ fMohtu KAMS izHkkjh] D.K. izsl ;wuhV dek.Mj | E117: ,ds&47 okdhVkdh lsV | F117: ekM+ fMohtu | J117: ftyk ukjk;.kiqj dk ekM+ {ks=] usyukj] bUnzkorh] dqrqy ,fj;k] egkjk"Vª ckMZjA
A118: 117 | B118: :ih mQZ t;k ifr lrh’k mQZ dksik mQZ NRrhl djhcu mez 52 o"kZ fuoklh egcwc uxj vkU/kzizns’k] gqfy;k & dn 5-7 QhV djhcu] jax xksjh] 'kjhj& [kMk cnu]] psgjk yEck] dkys yEcs cky j[krh gS] vka[kks esa p’ek yxkrh gS] fgUnh] gYch] xks.Mh] ejkBh] rsyxw Hkk"kk cksyrh gSA | C118: ,l-tsM-lh-,e--] Mh0ds0 tksu ch-lh-Vh-,l- bapktZ] ¼csfld dE;wfuLV Vªsfuax Ldqy½ | E118: ,ds&47 okdhVkdh lsV | J118: ftyk ukjk;.kiqj dk ekM+ {ks=] usyukj] bUnzkorh] dqrqy ,fj;k] egkjk"Vª ckMZjA
A119: 118 | B119: liuk mQZ liuDdk ifr ';ke mQZ pSrq mQZ fxjh jsM~Mh mez djhcu 55 o"kZ lkfdu xzke nkejapk ftyk x<+fpjkSyh egkjk"VªkA gqfy;k & dn 5-3 QhV djhcu] jax xksjh] 'kjhj& [kMk cnu]] psgjk yEck] dkys yEcs cky j[krh gS] fgUnh] gYch] xks.Mh] ejkBh] rsyxw Hkk"kk cksyrh gSA | C119: Mh-Ogh-lh-,e-] ekM+ fMohtu ekM+ fMohtu lIykbZ bapktZ] o baUnzorh ,fj;k turkuk ljdkj v/;{k | E119: ,ds&47 okdhVkdh lsV | F119: ekM+ fMohtu | J119: ftyk ukjk;.kiqj dk ekM+ {ks=] usyukj] bUnzkorh] dqrqy ,fj;k] egkjk"Vª ckMZjA
A120: 119 | B120: eaxrw ojnk fuoklh xV~Vkdky Fkkuk dksgdkesVk ftyk ukjk;.kiqj] gqfy;k & dn 5-7 QhV djhcu] jax dkyk] 'kjhj& [kMk cnu]] psgjk xksy] dkys ?kq?kjkyw cky j[krk gS] eqN j[krk gSA ges’kk onhZ esa jgrk gSA nksjyh] fgUnh] n.Mkeh]] rsyxw Hkk"kk cksyrk gSA | C120: MhOghlh,e @ekM fMohtu dek.M bu phQ] IykVwu u0 16 bapktZ | E120: ,l,yvkj okdhVkdh lsV | F120: ekM+ fMohtu | J120: ftyk ukjk;.kiqj dk ekM+ {ks=] usyukj] bUnzkorh] dqrqy ,fj;k] egkjk"Vª ckMZjA
A121: 120 | B121: izrki mez 40@22 o"kZ djhcu lkfdu vkU/kzizns’k ¼o"kZ 2015 esa jhrk ds lkFk nqO;Zgkj djus ds dkj.k DVCM ls fMeksV dj ACM cuk dj VsDuhdy Vhe lnL; cuk fn;k x;k Fkk o"kZ 2021 esa iqu% Mh-Ogh-lh-,e- ds in esa izeks’ku feyk gS½ gqfy;k & dn 5-5 QhV djhcu] jax dkyk] eqN j[krk gS] ges’k onhZ esa jgrk gS] xks.Mh] rsyxw] fgUnh Hkk"kk dk Kku gSA | C121: Mh-Ogh-lh-,e-] Mh-ds- VsDuhdy dek.Mj] ¼50 PL dek.Mj bl IykVwu dk dk;Z gfFk;kj cukuk] gfFk;kj fjis;j djuk gksrk gS½ | E121: balkl okdhVkdh lsV | J121: ftyk ukjk;.kiqj dk ekM+ {ks=] usyukj] bUnzkorh] dqrqy ,fj;k] egkjk"Vª ckMZjA
A122: 121 | B122: vjc mQZ deys’k mez 40@22 o"kZ djhcu lkfdu nf{k.k cLrj] gqfy;k & dn 5-7 QhV djhcu] jax lkoyk] gYdk eqN j[krk gS] f’k{kk & laxBu esa i<+kbZ fd;k gS] Hkk"kk & xks.Mh] rsyxw] fgUnh Hkk"kk dk Kku gSA | C122: MhOghlh,e@usyukj ,fj;k desVh] bapktZ@lfpo @fMohtu lh,u,e | E122: ,l-,y-vkj-okdhVkdh lsV | G122: usyukj | J122: ftyk ukjk;.kiqj dk ekM+ {ks=] usyukj] bUnzkorh] dqrqy ,fj;k] egkjk"Vª ckMZjA
A123: 122 | B123: e/kq mQZ deykdj mez 35@22 o"kZ djhcu lkfdu vkU/kzizns’k- gqfy;k & dn 5-5 QhV djhcu] jax dkyk] eqN j[krk gS] f’k{kk & i<+k fy[kk gS] Hkk"kk & xks.Mh] rsyxw] fgUnh Hkk"kk dk Kku gSA | C123: Mh-Ogh-lh-,e-, lfpo & bUnzkorh ,fj;k desVh | E123: ,ds&47] okdhVkdh lsB] LekVZQksu | J123: ftyk ukjk;.kiqj dk ekM+ {ks=] usyukj] bUnzkorh] dqrqy ,fj;k] egkjk"Vª ckMZjA
...

Sheet Pivot Table 37

Sheet Detail4
A1: Date | B1: Int Unique No | C1: Int Content | D1: Name_ | E1: Name | F1: GR | G1: Latitude | H1: Longitude | I1: Strength | J1: Int Confidence | K1: Source | L1: Type | M1: Rank | N1: Area Committee | O1: District | P1: Police Station | R1: Division | S1: Week | T1: Month
A2: No contributing data for this category

Sheet 2019
A1: Date | B1: Int Unique No | C1: Int Content | D1: Name_ | E1: Name | F1: GR | G1: Latitude | H1: Longitude | I1: Strength | J1: Int Confidence | K1: Source | L1: Type | M1: Rank | N1: Area Committee | O1: District | P1: Police Station | Q1: Place | R1: Division | S1: Week | T1: Month
A2: 1/1/2019 | C2: Distt- Narayanpur PS- Chhote Dongar Village- Gumter me East Bastar DVC Secy Niti @ Urmila ke sath0 7 armed naxalio ke upasthiti ki suchana hai | E2: Niti @ Urmila | G2: 19.316319 | H2: 81.352877 | I2: 7 | K2: SIB | M2: Secy | N2: East Bastar DVC | O2: Narayanpur | P2: Chhote Dongar | Q2: Gumter
A3: 3/1/2019 | C3: Distt- Narayanpur PS- Orcha Village- Aded me Orcha LOS Comdr Deepak Member Anita ke sath 13 armed naxalio ke upasthiti ki suchana hai | E3: Deepak (Anita) | G3: 19.292234 | H3: 81.088849 | I3: 13 | K3: SIB | M3: Comdr (Member) | N3: Orcha LOS | O3: Narayanpur | P3: Orcha | Q3: Aded
A4: 3/1/2019 | C4: Since today (03.01.19) morning a group of armed and uniformed CPI (Maoist) cadres (18-20) has been noticed camping near Temrugaon PS Dhaudai Distt Narayanpur. | E4: - | G4: 19.403025 | H4: 81.410693 | I4: 18-20 | K4: IB | M4: - | N4: - | O4: Narayanpur | P4: Dhaudai | Q4: Temrugaon
A5: 4/1/2019 | C5: Distt- Narayanpur PS- Dhaudai Village- Temrugaon me Bayanar AC Secy Nirmala ke sath 20-25 armed naxalio ke upasthiti ki suchana hai | E5: Nirmala | G5: 19.403025 | H5: 81.410693 | I5: 20-25 | K5: SIB | M5: Secy | N5: Bayanar AC | O5: Narayanpur | P5: Dhaudai | Q5: Temrugaon
A6: 4/1/2019 | C6: 1. A group of armed CPI (Maoist) cadres led by Ranita (Maad DVCS) held a villagers meeting (3-4) near village Kanagaon PS/Distt Narayanpur on 03.01.19 and discussed the formation of new government in the state. | E6: Ranita | G6: 19.761221 | H6: 81.316212 | I6: 45355 | K6: IB | M6: Secy | N6: Maad DVC | O6: Narayanpur | P6: Narayanpur | Q6: Kanagaon
A7: 4/1/2019 | C7: A group of armed CPI (Maoist) cadres (20-22) has been noticed in the areas adjacent to Pindelpara of village Murnar PS/Distt Narayanpur for the last 3-4 days. | E7: - | G7: 19.678739 | H7: 81.041032 | I7: 20-22 | K7: IB | M7: - | N7: - | O7: Narayanpur | P7: Narayanpur | Q7: Murnar
A8: 4/1/2019 | C8: Distt- Narayanpur PS- Narayanpur Village- Kakabeda me Maad DVC Secy Ranita Coy no 01 member Jagasish ke sath 20-25 armed naxalio ke upasthiti ki suchana hai | E8: Ranita (Jagadish) | G8: 19.23266 | H8: 81.313468 | I8: 20-25 | K8: SIB | M8: Secy (Member) | N8: Maad DVC (Coy no 01) | O8: Narayanpur | P8: Narayanpur | Q8: Kakabeda
A9: 5/1/2019 | C9: Distt- Narayanpur PS- Orchha Village- Chalcher me Maad DVC Suply Inch Sapna Jatlur LOS Comdr Ashok ke sath 14-15 armed naxalio ke upasthiti ki suchana hai | E9: Sapna (Ashok) | G9: 19.33184 | H9: 81.048225 | I9: 14-15 | K9: SIB | M9: Inch (Comdr) | N9: Maad DVC Suplly (Jatlur LOS) | O9: Narayanpur | P9: Orchha | Q9: Chalcher
A10: 6/1/2019 | C10: Distt- Narayanpur PS- Narayanpur Village- Pindka me Kutul AC Member Sukhlal ke sath 07-08 armed naxalio ke upasthiti ki suchana hai | E10: Sukhlal | G10: 19.541075 | H10: 81.183725 | I10: 45481 | K10: SIB | M10: Member | N10: Kutul AC | O10: Narayanpur | P10: Narayanpur | Q10: Pindka
A11: 7/1/2019 | C11: Distt- Narayanpur PS- Orchha Village- Orchhameta me Orchha LOS Comdr Deepak ke sath 10-12 armed naxalio ke upasthiti ki suchana hai | E11: Deepak | G11: 19.33713 | H11: 81.089692 | I11: 45577 | K11: SIB | M11: Comdr | N11: Orchha LOS | O11: Narayanpur | P11: Orchha | Q11: Orchhameta
A12: 8/1/2019 | C12: Distt- Narayanpur PS- Chhote Dongar Village- Dhurbeda me Agyat 08-10 armed naxalio ke upasthiti ki suchana hai. | E12: - | G12: 19.513135 | H12: 81.277286 | I12: 45514 | K12: SIB | M12: - | N12: - | O12: Narayanpur | P12: Chhote Dongar | Q12: Dhurbeda
A13: 7/1/2019 | C13: 1. A group of armed CPI (Maoist) cadres (15) led by Kalpana and Bandi (Both DVCMs Maad Division) is noticed camping at a forest about 0.5 Km West of village Gomangal PS Orcha district Narayanpur since January 7 2019. The said group came from Khodpar PS Orcha and is likely to proceed towards Hasnar PS Orcha. | E13: Kalpana & Bandi | G13: 19.420339 | H13: 81.069658 | I13: 15 | K13: IB | M13: Member | N13: Maad DVC | O13: Narayanpur | P13: Orchha | Q13: Gomgal & Hasnar
A14: 7/1/2019 | C14: 1. A group armed CPI (Maoist) cadres (30-40) led by Raju Salam Meena Mainu (leaders of Raoghat AC) were noticed camping at a forest hill (Usmal Metta Pahadi) located in the tri-junction of Dubehade Kaknar and Ranimarka PS/Dist Narayanpur on first week of January 2019. | E14: Raju Salam (Meena) (Mainu) | G14: 19.858622 | H14: 80.882643 | I14: 30-40 | K14: IB | M14: Comdr (Comdr) (Comdr) | N14: Coy no 05 (Panidobir LOS) (Charhaon LOS) | O14: Narayanpur | P14: Narayanpur | Q14: Kaknar & Ranimarka
A15: 8/1/2019 | C15: A group of armed and uniformed CPI (Maoist) cadres (08-10) of Maad DVC led by Deepak (Comdr ader LOS) was noticed 01 Km south of village Idwaya (10-11 km SW of PS Orchha) Distt. Narayanpur on January 08. | E15: Deepak | G15: 19.298838 | H15: 81.117887 | I15: 45514 | K15: IB | M15: Comdr | N15: Orcha LOS | O15: Narayanpur | P15: Orcha | Q15: Idwaya
A16: 11/1/2019 | C16: A group of armed CPI (Maoist) cadres (100) led by Raju Dada (IC East Bastar DVC) has been camping at a forest area near village Gomter, PS Orcha, Distt Narayanpur since 06.01.19 | E16: Raju Dada @ KRC | G16: 19.316319 | H16: 81.352877 | I16: - | K16: IB | M16: Member | N16: East Bastar DVC | O16: Narayanpur | P16: Orcha | Q16: Gomter
A17: 11/1/2019 | C17: Distt- Narayanpur PS- Orcha Village- Badetondabeda me Orcha LOS Comdr Deepak ke sath 08-10 armed naxalio upasthiti ki suchana hai. | E17: Deepak | G17: 19.326862 | H17: 81.132105 | I17: 45514 | K17: SIB | M17: Comdr | N17: Orcha LOS | O17: Narayanpur | P17: Orcha | Q17: Bade tondabeda
A18: 11/1/2019 | C18: Distt- Narayanpur PS- Chotedongarh Village- Becha me DVCM Niti @ Urmila ke sath 06-07 armed naxalio upasthiti ki suchana hai. | E18: Niti @ Urmila | G18: 19.330264 | H18: 81.368839 | I18: 45450 | K18: SIB | M18: Member | N18: DVC | O18: Narayanpur | P18: Chotedongarh | Q18: Becha
A19: 11/1/2019 | C19: A group of armed CPI (Maoist) cadres (35-40) led by Kosa (CCM) has been camping about 01 km west of Adingpar (40 - 42 km west of PS Orcha), Distt Narayanpur for the last 03 days. The said group is likely to stay in the said area. | E19: Kosa | G19: 19.416069 | H19: 80.979844 | I19: 35-40 | K19: IB | M19: Member | N19: CC | O19: Narayanpur | P19: Orcha | Q19: Adingpar
A20: 12/1/2019 | C20: A group of armed CPI (Maoist) cadres (15-20) led by Niti (East Bastar DVCS) has been noticed in the areas north west of village Tuswal PS Chhotedonger Distt Narayanpur since 11.01.19. Further learnt that some senior leader is likely to arrive in the areas adjoining Tuswal PS Chhotedonger Distt Narayanpur and Wakeli PS Barsoor Distt Dantewada on 14.01.19. | E20: Niti @ Urmila | G20: 19.304247 | H20: 81.366579 | I20: 15-20 | K20: IB | M20: Secy | N20: East Bastar DVC | O20: Narayanpur | P20: Chotedongarh | Q20: Tuswal
A21: 12/1/2019 | C21: Today (12.01.19) at around 1300 hrs a group of armed and uniformed CPI (Maoist) cadres (12-15) led by Somji (Member Coy No. 06 ) and Raiju Lohar (ACM Bhanpuri AC) is noticed near Maraskol PS Dhaudai Distt Narayanpur. Earlier today in morning hours the said group was noticed at Sulenga PS Chhotedonger Distt Narayanpur. | E21: Somji (Raiju Lohar) | G21: 19.467876 | H21: 81.413073 | I21: 45641 | K21: IB | M21: Member (Secy) | N21: Coy no 06 (Bhanpuri AC) | O21: Narayanpur | P21: Chotedongarh | Q21: Sulenga
A22: 13-01-2019 | C22: Distt- Narayanpur PS- Narayanpur Village- Kodeliyar me Kutul LOS comdr Pandi @ Dinesh AC Member Sukhlal ke sath 10-12 armed naxalio upasthiti ki suchana hai. | E22: Pandi @ Dinesh (Sukhlal) | G22: 19.535793 | H22: 81.071347 | I22: 45577 | K22: SIB | M22: Comdr (Member) | N22: Kutul LOS (AC) | O22: Narayanpur | P22: Narayanpur | Q22: Kodeliyar
A23: 14-01-2019 | C23: Distt- Narayanpur PS- Orchha Village- Japguda me Orchha LOS comdr Deepak ke sath 11-12 armed naxalio upasthiti ki suchana hai. | E23: Deepak | G23: 19.320493 | H23: 81.218556 | I23: 45608 | K23: SIB | M23: Comdr | N23: Orchha LOS | O23: Narayanpur | P23: Orchha | Q23: Japgunda
A24: 14-01-2019 | C24: A group of armed CPI (Maoist) cadres (40) led by Kosa (CCM) was noticed camping at Kalangur a forest hill loceted in between Adingpur and Farasbeda and about 03 kms west of village Adingpar PS Orchha Distt Narayanpur since 06-01-19. The group was likely to stay in the said location for about a fortnight | E24: Kosa | G24: 19.416069 | H24: 80.979844 | I24: 40 | K24: IB | M24: Member | N24: CC | O24: Narayanpur | P24: Orchha | Q24: Adingpar
A25: 15-01-2019 | C25: Distt- Narayanpur PS- Narayanpur Village- Ehra & Hokpad me Agyat 20-25 armed naxalio dekhe jane ki suchana hai. | E25: - | G25: 19.509569 | H25: 81.171491 | I25: 20-25 | K25: SIB | M25: - | N25: - | O25: Narayanpur | P25: Narayanpur | Q25: Ehra & Hokpad
A26: 17-01-2019 | C26: Distt- Narayanpur PS- Kukrajhor Village- Karelghati me Kutuk ACM Sukhlal ke sath 02 armed naxalio ke Dekhe Jane ki suchana hai. | E26: Sukhlal | G26: 19.620789 | H26: 81.216318 | I26: 2 | K26: SIB | M26: Member | N26: Kutul AC | O26: Narayanpur | P26: Kukrajhor | Q26: Karelghati
A27: 17-01-2019 | C27: A group of armed CPI (Maoist) cadres (60-80) including cadres of PLGA Coy No. 01 has been camping near village Kodtamarka and Parpa PS Narayanpur Distt Narayanpur since last 2-3 days. Further learnt that Maoist has called a large scale meeting near village Padamkot (66 km SW of PS Narayanpur) on 17.01.19. The meeting is likely to be attended by all senior Maoist leaders of Maad DVC | E27: - | G27: 19.467187 | H27: 80.970758 | I27: 60-80 | K27: IB | M27: Member | N27: PLGA Coy no 01 | O27: Narayanpur | P27: Narayanpur | Q27: Kodtamarka & Parpa
A28: 18-01-2019 | C28: Distt- Narayanpur PS- Orchha Village- Dhurbeda me Mad DVC Secy Ranita Kutul LOS Comdr Pandi ke sath 18-20 armed naxalio ke upasthiti ki suchana hai. | E28: Ranita (Pandi) | G28: 19.449293 | H28: 80.998164 | I28: 18-20 | K28: SIB | M28: Secy (Comdr) | N28: Mad DVC (Kutul LOS) | O28: Narayanpur | P28: Orchha | Q28: Dhurbeda
A29: 18-01-2019 | C29: Distt- Narayanpur PS- Orchha Village- Nadipara me Agyat 06-07 armed naxalio ke upasthiti ki suchana hai. | E29: - | G29: 19.355602 | H29: 81.168802 | I29: 45450 | K29: SIB | M29: - | N29: - | O29: Narayanpur | P29: Orchha | Q29: Nadipara
A30: 17-01-2019 | C30: A group of armed CPI (Maoist) cadres (25) led by Raju Salam Prasad Meena (all DVCMs of North Bastar DVC) was noticed at village Kaknar PS/Distt Narayanpur on 17.01.19. The said group is constsntly noticed moving in adjoining villages Markabeda Koroskodo Ranimarka Dubehade in Maad area Distt Narayanpur and in adjacent villages Gundul Panidobir Alparas of PS Koyalibeda Distt Kanker. | E30: Raju Salam (Meena) (Prasad) | G30: 19.859907 | H30: 80.883256 | I30: 25 | K30: IB | M30: Comdr (Comdr) (Member) | N30: Coy no 05 (Panidobir LOS) | O30: Narayanpur | P30: Narayanpur | Q30: Kaknar
A31: 19-01-2019 | C31: Distt- Narayanpur PS- Orchha Village- Gattakal me Kutul LOS Comdr Pandi @ Dinesh ke sath 10-12 armed naxalio ke upasthiti ki suchana hai. | E31: Pandi @ Dinesh | G31: 19.378786 | H31: 80.880283 | I31: 45577 | K31: SIB | M31: Comdr | N31: Kutul LOS | O31: Narayanpur | P31: Orchha | Q31: Gattakal
A32: 20-01-2019 | C32: Distt- Narayanpur PS- Orchha Village- Durginpara me Agyat 04 naxalio ke upasthiti ki suchana hai. | E32: - | G32: 19.368206 | H32: 81.174752 | I32: 4 | K32: SIB | M32: - | N32: - | O32: Narayanpur | P32: Orchha | Q32: Durginpara
A33: 20-01-2019 | C33: Distt- Narayanpur PS- Chhote Dongar Village- Kadenar & Kanhargaon Road me Reccee kiye jane ki suchana hai. | E33: - | G33: 19.35011 | H33: 81.414619 | I33: - | K33: SIB | M33: - | N33: - | O33: Narayanpur | P33: Chhhote Dongar | Q33: Kadenar & Kanhargaon
A34: 21-01-2019 | C34: Distt- Narayanpur PS- Narayanpur Village- Kehnar me Maad DVC Inch Ranita Member Somari ke sath 17-18 armed naxalio ke upasthiti ki suchana hai. | E34: Ranita (Somari) | G34: 19.502415 | H34: 80.993339 | I34: 17-18 | K34: SIB | M34: Inch (Member) | N34: Maad DVC | O34: Narayanpur | P34: Narayanpur | Q34: Kehnar
A35: 21-01-2019 | C35: A group of armed CPI (Maoist) cadres (25) led by Deepak and Ashok (leaders, Ader LOS) has been noticed camping near a nala located 0.5 km west of village Dhonderbeda, PS Orcha, Distt Narayanpur since 18.01.19. The said group has erected 03 polythene tents. | E35: Deepak (Member) | G35: 19.284009 | H35: 81.023239 | I35: 25 | K35: IB | M35: comdr | N35: Orchha LOS | O35: Narayanpur | P35: Orchha | Q35: Dhonderbeda
A36: 23-01-2019 | C36: 1. A large group of armed CPI (Maoist) cadres (70-80) has been noticed moving in the forest area of Dantewada-Narayanpur border near village Jatloor PS Orchha distt Narayanpur since Jan 22. | E36: - | G36: 19.304861 | H36: 80.965827 | I36: 70-80 | K36: IB | M36: - | N36: - | O36: Narayanpur | P36: Orchha | Q36: Jatlur
A37: 23-01-2019 | C37: Distt- Narayanpur PS- Dhanora Village- Kostadi me AC Member Sukhlal ke sath 06-07 armed naxalio upasthiti ki suchana hai. | E37: Sukhlal | G37: 19.505726 | H37: 81.155408 | I37: 45450 | K37: SIB | M37: Member | N37: AC | O37: Narayanpur | P37: Dhanora | Q37: Kostadi
A38: 23-01-2019 | C38: 1. A group of armed CPI (Maoist) cadres (13) led by Lalita (Maad DVCM) has been noticed camping near a water point located in between Kohkapara and Itepara PS Orchha Distt Narayanpur since Jan 22 2019. | E38: Lalita | G38: 19.348341 | H38: 81.045269 | I38: 13 | K38: IB | M38: Member | N38: Maad DVC | O38: Narayanpur | P38: Orchha | Q38: Kohkapara
A39: 24-01-2019 | C39: Distt- Narayanpur PS- Dhanora Village- Kostadi me AC Member Sukhlal ke sath 06-07 armed naxalio upasthiti ki suchana hai. | E39: Ranita | G39: 19.505726 | H39: 81.155408 | I39: - | K39: SIB | M39: Member | N39: Maad DVC | O39: Narayanpur | P39: Orchha | Q39: Juwada
A40: 24-01-2019 | C40: Distt- Narayanpur PS- Orchha Village- Gudadi me Agyat 05-06 armed naxalio ke dekhe jane ki suchana hai. | E40: - | G40: 19.343423 | H40: 81.202769 | I40: 45418 | K40: SIB | M40: - | N40: - | O40: Narayanpur | P40: Orchha | Q40: Gudadi
A41: 25-01-2019 | C41: Distt- Narayanpur PS- Narayanpur Village- Mohandi me Kutul AC Member Sukhlal ke sath 10-11 armed naxalio upasthiti ki suchana hai. | E41: Sukhlal | G41: 19.564879 | H41: 81.081043 | I41: 45576 | K41: SIB | M41: Member | N41: Kutul AC | O41: Narayanpur | P41: Narayanpur | Q41: Mohandi
A42: 25-01-2019 | C42: Distt- Narayanpur PS- Narayanpur Village- Garpa me Paralkot LOS Comdr Jailal ke sath 10-11 armed naxalio ke dekhe jane ki suchana hai. | E42: Jailal | G42: 19.761443 | H42: 80.872307 | I42: 45576 | K42: SIB | M42: Comdr | N42: Paralkot LOS | O42: Narayanpur | P42: Narayanpur | Q42: Garpa
A43: 23-01-2019 | C43: 1. A group of armed CPI (Maoist) cadres (10-12) led by Deepak (Commander Orchha LOS) was noticed at Japgunda (13 kms South-West of PS Orchha) district Narayanpur on Jan 23. They are likely to be present in the vicinity of village Japgunda. | E43: Deepak | G43: 19.317533 | H43: 81.214913 | I43: 45577 | K43: IB | M43: Comdr | N43: Orchha LOS | O43: Narayanpur | P43: Orchha | Q43: Japguda
A44: 22-01-2019 | C44: A group of armed CPI (Maoist) cadres (20-25) led by Mallesh has been noticed moving in villages Kudmel Ader and Dhondarbeda PS Orchha distt Narayanpur since Jan 22. The Maoist cadres instructed the school teachers of area to hoist black flag on Jan 26. | E44: Mallesh | G44: 19.277474 | H44: 81.08544 | I44: 20-25 | K44: IB | M44: Comdr | N44: Pln no 16 | O44: Narayanpur | P44: Orchha | Q44: Ader
A45: 22-01-2019 | C45: Another group of armed CPI (Maoist) cadres (15) led by Deepak and Sukhlal (Maad DVC leaders) has been noticed camping at village Orchameta PS Orchha distt Narayanpur since Jan 22. | E45: Deepak | G45: 19.337911 | H45: 81.09005 | I45: 15 | K45: IB | M45: Comdr | N45: Orchha LOS | O45: Narayanpur | P45: Orchha | Q45: Orchhameta
A46: 23-01-2019 | C46: Another group of armed CPI (Maoist) cadres (20) of Maad DVC is noticed moving in villages Kohkapara Kurusnar and Gotingpar all under Ps Orchha distt Narayanpur since Jan 23. | E46: - | G46: 19.348271 | H46: 81.044073 | I46: 20 | K46: IB | M46: Members | N46: Maad DVC | O46: Narayanpur | P46: Orchha | Q46: Kohakpara
A47: 27-01-2019 | C47: Distt- Narayanpur PS- Kukrajhor Village- Kalmanar me Agyat 04-05 armed naxalio upasthiti ki suchana hai. | E47: - | G47: 19.563962 | H47: 81.190215 | I47: 45387 | K47: SIB | M47: - | N47: - | O47: Narayanpur | P47: Kukrajhor | Q47: Kalmanar
A48: 28-01-2019 | C48: Distt- Narayanpur PS- Dhaudai Village- Temrugaon me Bayanar AC Secy Raiju Lohar Bayanar LGS Comdr Mahesh ke sath 15-16 armed naxalio upasthiti ki suchana hai. | E48: Raiju Lohar (Mahesh) | G48: 19.402964 | H48: 81.409248 | I48: 15-16 | K48: SIB | M48: Secy (Member) | N48: Bayanar AC (LOS) | O48: Narayanpur | P48: Dhaudai | Q48: Temrugaon
A49: 29-01-2019 | C49: A group of armed CPI (Maoist) PLGA cadres (40-50) of coy No. 1 has been camping 2 km north of village Dhurbeda PS Orcha district Narayanpur since January 27. The group was earlier noticed at Padamkot PS / district Narayanpur during January 18-22. It is also learnt that a high level meeting of senior Maoist cadres was held at Kaspiyer near Padamkot during this period | E49: - | G49: 19.331315 | H49: 81.121979 | I49: 40-50 | K49: IB | M49: Member | N49: PLGA Cadres | O49: Narayanpur | P49: Orchha | Q49: Dhurbeda
A50: 29-01-2019 | C50: A group of armed CPI (Maoist) cadres (15) led by Pandi (Leader Maad Division) has been noticed camping in the forest area 01 Km South West bf village Hasnar PS Orcha district Narayanpur since Jan 28 evening hrs | E50: Pandi | G50: 19.420643 | H50: 81.128252 | I50: 15 | K50: IB | M50: Comdr | N50: Kutul LOS | O50: Narayanpur | P50: Orchha | Q50: Hasnar
A51: 31-01-2019 | C51: Distt- Narayanpur PS- Narayanpur Village- Kutul Parpa me Agyat Maoist daily use Item ke sath upasthiti ki suchana hai. | E51: - | G51: 19.519562 | H51: 81.015863 | I51: - | K51: SIB | M51: - | N51: - | O51: Narayanpur | P51: Narayanpur | Q51: Kutul Kodnar
A52: 31-01-2019 | C52: Today (31.01.19) a group of armed CPI (Maoist) cadres (15) led by Deepak (Commander Ader LOS) is noticed near a nala at Kalameta of village Gamangal PS Orcha Distt Narayanpur. The said group arrived from Kohkapara and is likely to move towards Idwaya /Ader via Brehbeda PS Orcha. | E52: Deepak | G52: 19.424936 | H52: 81.069209 | I52: 15 | K52: IB | M52: Comdr | N52: Ader LOS | O52: Narayanpur | P52: Orchha | Q52: Gomgal
A53: 1/2/2019 | C53: Distt- Narayanpur PS- Chhote Dongar Village- Gumter & Tuswal me EB DVCM Niti @ Urmila Suresh & Ranoti ke sath 70-80 armed naxalio upasthiti ki suchana hai. | E53: Niti @ Urmila (Suresh) (Ranoti) | G53: 19.316319 19.302317 | H53: 81.352877 81.366462 | I53: 70-80 | K53: IB | M53: Member | N53: EB DVC | O53: Narayanpur | P53: Chhote Dongar | Q53: Gumter & Tuswal
A54: 1/2/2019 | C54: Distt- Narayanpur PS- Orchha Village- Orchha Meta me Pln no 16 Comdr Mallesh Orchha LOS comdr Deepak ke sath 20 armed naxalio upasthiti ki suchana hai. | E54: Mallesh (Deepak) (Anila) | G54: 19.336989 | H54: 81.090266 | I54: 20 | K54: SIB | M54: Comdr (Comdr) | N54: Pln no 16 (Orchha LOS) | O54: Narayanpur | P54: Orchha | Q54: Orchha Meta
A55: 2/2/2019 | C55: Distt- Narayanpur PS- Narayanpur Village- Mohandi me Kutul LOS Comdr Pandi ke sath 12-15 armed naxalio upasthiti ki suchana hai. | E55: Pandi | G55: 19.520331 19.565704 | H55: 81.024233 81.077467 | I55: 45641 | K55: SIB | M55: Comdr | N55: Kutul LOS | O55: Narayanpur | P55: Narayanpur | Q55: Mohandi & Kutul
A56: 2/2/2019 | C56: Distt- Narayanpur PS- Dhanora Village- Maksoli me Agyat 10-11 armed naxalio ke upasthiti ki suchana hai. | E56: - | G56: 19.448986 | H56: 81.210709 | I56: 45576 | K56: SIB | M56: - | O56: Narayanpur | P56: Dhanora | Q56: Maksoli
A57: 2/2/2019 | C57: 1. On (01.02.19) afternoon a group of armed CPI (Maoist) cadres (15-17) was noticed near Pharasgaon PS Dhoudai district Narayanpur. The was carrying rations with them and move towards Bailapad PS Dhoudai district Narayanpur. | E57: - | G57: 19.544139 | H57: 81.421172 | I57: 15-17 | K57: IB | M57: - | N57: - | O57: Narayanpur | P57: Dhoudai | Q57: Pharasgaon
A58: 3/2/2019 | C58: Distt- Narayanpur PS- Orcha Village- Kudmer me Orcha LOS Comdr Deepak ke sath 13-14 armed naxalio upasthiti ki suchana hai. | E58: Deepak | G58: 19.295758 | H58: 80.999137 | I58: 13-14 | K58: SIB | M58: Comdr | N58: Orcha LOS | O58: Narayanpur | P58: Orcha | Q58: Kudmer
A59: 3/2/2019 | C59: : A group of armed CPI (Maoist) cadres (10-12) of Maad DVC led by Pandi (Commander Kutul LOS) has been noticed in the forest area 1 km south of village Dhurbeda (40 kms west of PS Orchha) distt Narayanpur since 01.02.19. | E59: Pandi | G59: 19.449674 | H59: 80.996286 | I59: 45577 | K59: IB | M59: Comdr | N59: Kutul LOS | O59: Narayanpur | P59: Orcha | Q59: Dhurbeda
A60: 4/2/2019 | C60: Distt- Narayanpur PS- Orchha Village- Dhurbeda me Militry Coy No 01 Comdr Mangesh Member Ratan Kutul LOS comdr Pandi ke sath 35-40 armed naxalio upasthiti ki suchana hai. | E60: Mangesh (Ratan) (Pandi) | G60: 19.449674 | H60: 80.996286 | I60: 35-40 | K60: SIB | M60: Comdr (Member) (Comdr) | N60: Militry Coy no 01 (Kutul LOS) | O60: Narayanpur | P60: Orcha | Q60: Dhurbeda
A61: 4/2/2019 | C61: 1. A large group of armed CPI (Maoist) cadres (100-150) led by Raju Dada I/C NRC is presently (04.02.19) camping in forest area near Tuswal PS Orcha district Narayanpur. | E61: Raju Dada @ KRC | G61: 19.30291 | H61: 81.366383 | I61: 100-150 | K61: IB | M61: Member | N61: SZC | O61: Narayanpur | P61: Orcha | Q61: Tuswal
A62: 4/2/2019 | C62: Earlier on February 01 a villagers(150) meeting was held by the group at Irpanar PS Orcha where the cadres directed them to place sentries at every village to keep watch on movement of SFs. | E62: - | G62: 19.317287 | H62: 81.329692 | I62: 150 | K62: IB | M62: - | N62: - | O62: Narayanpur | P62: Orcha | Q62: Irpanar
A63: 6/2/2019 | C63: A group of armed CPI (Maoist) cadres (20) led by Mallesh (DVCM) is being noticed continuously at village Paralnar PS Orchha district Narayanpur since January 31. A group of Jan Militia members (20-25) has been camping in the forest area adjacent to village Paralnar PS Orchha district Narayanpur since February 01. | E63: Mallesh | G63: 19.18109 | H63: 81.203106 | I63: 20 | K63: IB | M63: Comdr | N63: Pln no 16 | O63: Narayanpur | P63: Orchha | Q63: Paralnar
A64: 08-02-2019 | C64: Distt- Narayanpur PS- Orchha Village- Bhatbeda me Agyat 15-20 armed naxalio ke upasthiti ki suchana hai. | E64: - | G64: 19.284529 | H64: 81.137256 | I64: 15-20 | K64: SIB | M64: - | N64: - | O64: Narayanpur | P64: Orchha | Q64: Bhatbeda
A65: 10/2/2019 | C65: Distt- Narayanpur PS- Narayanpur Village- Hokpad me Kutul LOS Comdr Pandi ke sath 10-12 armed naxalio upasthiti ki suchana hai. | E65: Pandi | G65: 19.509327 | H65: 81.17156 | I65: 45577 | K65: SIB | M65: Comdr | N65: Kutul LOS | O65: Narayanpur | P65: Narayanpur | Q65: Hikpad
A66: 13-02-2019 | C66: A group of armed CPI (Maoist) cadres (20) led by Mallesh (Maad DVCM) and Deepak (Commander Ader LOS) has been camping at village Markabeda PS Orcha district Narayanpur since February 12. The group is moving in adjacent villages of the area and is keeping a watch on movement of SFs with the aid of RPC members of the area. | E66: Mallesh (Deepak) | G66: 19.290288 | H66: 81.171747 | I66: 20 | K66: IB | M66: Comdr (Comdr) | N66: Pln no 16 (Orchha LOS) | O66: Narayanpur | P66: Orchha | Q66: Markabeda
A67: 13-02-2019 | C67: A group of armed CPI (Maoist) cadres (25) was noticed at village Battum PS Orcha district Narayanpur in the intervening night of February 12-13 where the cadres dismantled the under construction electric Sub Station. Later the group moved towards village Hasnar PS Orcha | E67: - | G67: 19.37942 | H67: 81.188054 | I67: 25 | K67: IB | M67: - | N67: - | O67: Narayanpur | P67: Orchha | Q67: Hasnar
A68: 15-02-2019 | C68: Distt- Narayanpur PS- Narayanpur Village- Irakbhatti me Agyat 15-20 armed naxalio upasthiti ki suchana hai. | E68: - | G68: 19.610927 | H68: 81.040364 | I68: 15-20 | K68: SIB | M68: - | N68: - | O68: Narayanpur | P68: Narayanpur | Q68: Irakbhatti
A69: 15-02-2019 | C69: A group of armed CPI (Maoist) cadres (15) led by Ranita (Maad DVCM) is being noticed at village Dhurbeda PS Orcha district Narayanpur since February 12 where the group also held a villagers meeting (25-30). | E69: Ranita | G69: 19.449542 | H69: 80.996653 | I69: 15 | K69: IB | M69: Member | N69: Mad DVC | O69: Narayanpur | P69: Orchha | Q69: Dhurbeda
A70: 16-02-2019 | C70: Distt- Narayanpur PS- Chhote Dongar Village- Becha me DKSZC Member K Ramchandra Reddy ke sath Maoist meeting liye jane ki suchana hai. | E70: K Ramchandra Reddy @ Gudsa | G70: 19.330264 | H70: 81.368628 | I70: - | K70: SIB | M70: Member | N70: DKSZC | O70: Narayanpur | P70: Chhote Dongar | Q70: Becha
A71: 16-02-2019 | C71: 1. A group of armed PLGA cadres (35-40) of CPI (Maoist) has been noticed camping near Edasmarka which is located between Sargipal and Kospadka PS & Dist Narayanpur since last two days. Their camping is just 06-07 Kms South of Sonpur camp and about 07-08 Kms North West of Kohkameta camp. On Feb 15 one other group of amed CPI (Maoist) cadres (10-12) were present 3 kms North West of village Mohandi PS & Dist Narayanpr. The areas adjacent to Mohandi (North and South) in recent days is witnessing continuous Maoists movement. | E71: - | G71: 19.690105 | H71: 81.009101 | I71: 35-40 | K71: IB | M71: - | N71: - | O71: Narayanpur | P71: Narayanpur | Q71: Sargipal
A72: 17-02-2019 | C72: Distt- Narayanpur PS- Kurushnar Village- Kosanpadka me Kohkameta LOS Comdr Reena ke saht 10-11 armed Naxalio ke upasthiti ki suchana hai. | E72: Reena | G72: 19.679671 | H72: 81.017033 | I72: 45576 | K72: SIB | M72: Comdr | N72: Kohkameta LOS | O72: Narayanpur | P72: Kurushnar | Q72: Kosanpadka
A73: 18-02-2019 | C73: Distt- Narayanpur PS- Orchha Village- Ader me Maad DVC Suply Comdr Sapna Orchha lOS comdr Deepak ke sath 12 armed Naxalio ke upasthiti ki suchana hai. | E73: Sapan (Deepak) | G73: 19.272234 | H73: 81.082344 | I73: 12 | K73: SIB | M73: Suply Comdr (Comdr) | N73: Maad DVC (Orchha LOS) | O73: Narayanpur | P73: Orchha | Q73: Ader
A74: 18-02-2019 | C74: Distt- Narayanpur PS- Orchha Village- Kakawada me Pln no 16 Comdr Mallesh Member Masa & Rukmi ke sath 18-20 armed Naxalio ke upasthiti ki suchana hai. | E74: Mallesh (Masa) (Rukmi) | G74: 19.268348 | H74: 81.197863 | I74: 18-20 | K74: SIB | M74: Comdr (Member) | N74: Pln no 16 | O74: Narayanpur | P74: Orchha | Q74: Kakawada
A75: 19-02-2019 | C75: Distt- Narayanpur PS- Orchha Village- Dhurbeda me Maad DVC Member Ranita @ Jaimati AC member Sukhlal ke sath 18-20 armed Naxalio ke upasthiti ki suchana hai. | E75: Ranita @ Jaimati (Sukhlal) | G75: 19.449326 | H75: 80.996178 | I75: 18-20 | K75: SIB | M75: Member (Member) | N75: Maad DVC (Kutul AC) | O75: Narayanpur | P75: Orchha | Q75: Dhurbeda
A76: 18-02-2019 | C76: 1. A group of armed CPI (Maoist) cadres (25-30) led by Suklal and Ranita (member Maad DVC) has been camping near a water point at a forest in between Albeda and Gattakal PS Naraynapur since 18.02 19. Further learnt that two Maoist cadres injured in encounter at Ikmeta forest PS Narayanpur on 17.02.19 are presently undergoing treatment at the said location. | E76: Ranita @ Jaimati (Sukhlal) | G76: 19.498942 | H76: 81.123289 | I76: 25-30 | K76: IB | M76: Member (Member) | N76: Maad DVC (Kutul AC) | O76: Narayanpur | P76: Orchha | Q76: Gattakal
A77: 20-02-2019 | C77: Distt- Narayanpur PS- Narayanpur Village- Gattakal me Agyat 14-15 armed Naxalio ke upasthiti ki suchana hai. | E77: - | G77: 19.516116 | H77: 81.094454 | I77: 14-15 | K77: SIB | M77: - | N77: - | O77: Narayanpur | P77: Narayanpur | Q77: Gattakal
A78: 20-02-2019 | C78: Today (20.02.19) a group of armed CPI (Maoist) cadres (15- 17) led by Deepak (Commander Ader LOS) conducted a Jan Adalat (25) in a forest area located 01 km away from village Ader on Ader- Jatloor road PS Orcha distt Narayanpur. In the Jan Adalat the cadres beat two persons namely ayatu and Soma both r/o Ader On suspicion of being police informers. Deepak asked both not to leave their village or else would have to face consequences. | E78: Deepak | G78: 19.271908 | H78: 81.081552 | I78: 15-17 | K78: IB | M78: comdr | N78: Orchha LOS | O78: Narayanpur | P78: Orchha | Q78: Ader & Jatlur
A79: 20-02-2019 | C79: A group of armed CPI (Maoist) PLGA cadres (45-50) of coy No. 6 are noticed moving along the Kilam-Kadenar axis PS Chhotedonger District Narayanpur since last two days. On February 19 the said group was noticed near village Burgum PS Chhotedonger; the group is likely to remain in the mentioned area for a week. Keeping in view the Bandh call given by CPI (Maoist) on February 25 the cadres may resort to untoward incidents in the above mentioned area. | E79: - | G79: 19.340114 | H79: 81.433823 | I79: 45-50 | K79: IB | M79: Member | N79: Coy no 06 | O79: Narayanpur | P79: Chhotedongar | Q79: Kilam
A80: 21-02-2019 | C80: Distt- Narayanpur PS- Kukrajhor Village- Kochwahi me Agyat 02 Naxalio ke reccee kiye jane ki suchana hai. | E80: - | G80: 19.656412 | H80: 81.24569 | I80: 2 | K80: SIB | M80: - | N80: - | O80: Narayanpur | P80: Kukrajhor | Q80: Kochwahi
A81: 21-02-2019 | C81: Distt- Narayanpur PS- Dhanora Village- Rainar me DVC Member Chandrika @ Chandra ke sath 04 armed Naxalio ke upasthiti ki suchana hai. | E81: Chandrika @ Chandra | G81: 19.421342 | H81: 81.173393 | I81: 4 | K81: SIB | M81: Member | N81: DVC | O81: Narayanpur | P81: Dhanora | Q81: Rainar
A82: 21-02-2019 | C82: A group of armed CPI (Maoist) cadres (70-75) led by Mallesh Sapna Vinod (all Member Maad DVC) has been noticed camping at Dunga Pahadi near Hikul PS Orcha Distt Narayanpur since 20.02.19. The leaders held a meeting to discuss their future course of action. It is also learnt that some senior leaders are also camping with the group. | E82: Mallesh (Sapna) (Vinod) | G82: 19.146756 | H82: 81.145089 | I82: 70-75 | K82: IB | M82: Comdr (Member) | N82: Pln no 16 (Maad DVC) | O82: Narayanpur | P82: Orchha | Q82: Hikul (Dunga Forest)
A83: 22-02-2019 | C83: Distt- Naraynapur PS- Orchha Village- Bhatbeda me Orchha LOS comdr Deepak ke sath 14-15 armed Naxalio ke upasthiti ki suchana hai. | E83: Deepak | G83: 19.284852 | H83: 81.139286 | I83: 14-15 | K83: SIB | M83: Comdr | N83: Orchha LOS | O83: Narayanpur | P83: Orchha | Q83: Bhatbeda
A84: 23-02-2019 | C84: Distt- Naranypur PS- Kukdajhor Village- Kodkanar & Karelghati me Agyat 03-04 Naxalio ke reccee kiye jane ki suchana hai. | E84: - | G84: 19.612914 19.620843 | H84: 81.211929 81.216667 | I84: 45355 | K84: SIB | M84: - | N84: - | O84: Narayanpur | P84: Kukdajhor | Q84: Kodkanar & Karelghati
A85: 23-02-2019 | C85: Distt- Narayanpur PS- Orchha Village- Ader me Orchha LOS comdr Deepak ke sath 14-15 armed naxalio ke upasthiti ki suchana hai. | E85: Deepak | G85: 19.272778 | H85: 81.083256 | I85: 14-15 | K85: SIB | M85: Comdr | N85: Orchha LOS | O85: Narayanpur | P85: Orchha | Q85: Ader
A86: 24-02-2019 | C86: Distt- Narayanpur PS- Narayanpur Village- Hokpad me Nelnar AC Member Budhra & Ranjita ke sath 12-13 armed naxalio ke upasthiti ki suchana hai. | E86: Budhru (Ranjita) | G86: 19.508919 | H86: 81.173044 | I86: 45639 | K86: SIB | M86: Member | N86: Nelnar AC | O86: Narayanpur | P86: Narayanpur | Q86: Hokpad
A87: 24-02-2019 | C87: Distt- Narayanpur PS- Kukrajhor Village- Karkanar me Agyat 15-17 armed Naxalio ke upasthiti ki suchana hai. | E87: - | G87: 19.569322 | H87: 81.240414 | I87: 15-17 | K87: SIB | M87: - | N87: - | O87: Narayanpur | P87: Kukrajhor | Q87: Karkanar
A88: 24-02-2019 | C88: Distt- Narayanpur PS- Dhanora Village- Jhori me Agyat 07-08 armed Naxalio ke upasthiti ki suchana hai. | E88: - | G88: 19.410458 | H88: 81.230749 | I88: 45481 | K88: SIB | M88: - | N88: - | O88: Narayanpur | P88: Dhanora | Q88: Jhori
A89: 26-02-2019 | C89: Distt- Narayanpur PS- Narayanpur Village- Kostadi me Kutul LOS Comdr Pandi @ Dinesh 10-12 armed naxalio ke upasthiti ki suchana hai. | E89: Pandi | G89: 19.506409 | H89: 81.157311 | I89: 45577 | K89: SIB | M89: Comdr | N89: Kutul LOS | O89: Narayanpur | P89: Narayanpur | Q89: Kostadi
A90: 28-02-2019 | C90: Distt- Narayanpur PS- Narayanpur Village- Irpanar me Unknown Big Cadres armed naxalio ke dekhe jane ki suchana hai. | E90: - | G90: 19.782644 | H90: 80.813959 | I90: - | K90: SIB | M90: - | N90: - | O90: Narayanpur | P90: Narayanpur | Q90: Irpanar
A91: 28-02-2019 | C91: A group of armed CPI (Maoist) cadres (10-12) of Maad DVC led by Pandi (Commander Kutul LOS) was noticed about 1/2 km west of village Kutul (40 km SW of PS Narayanpur) Distt Narayanpur on 27.02.19. The said group is likely to be present in the vicinity of Kutul | E91: Pandi | G91: 19.676331 | H91: 80.974243 | I91: 45577 | K91: IB | M91: Comdr | N91: Kutul LOS | O91: Narayanpur | P91: Narayanpur | Q91: Kutul
A92: 28-02-2019 | C92: A group of armed CPI (Maoist) cadres (27) led by Radhakka and Sukhlal (Maad DVCMs) has been camping at Dhurbeda PS Orcha Dist Narayanpur since 26.02.19. Maoist cadres asked villagers of adjoining villages not to leave their villages for attending annual fair at Narayanpur (Feb 27-March 03 2019). | E92: Radhakka (Sukhlal) | G92: 19.449075 | H92: 80.996484 | I92: 27 | K92: IB | M92: Member (Member) | N92: Maad DVC (AC) | O92: Narayanpur | P92: Orchha | Q92: Dhurbeda
A93: 3/3/2019 | C93: Distt- Narayanpur PS- Narayanpur Village- Karkabeda me Kohkameta LOS comdr Reena ke sath 18-20 armed naxalio ke upasthiti ki suchana hai. | E93: Reena | G93: 19.623854 | H93: 80.941446 | I93: 18-20 | K93: SIB | M93: Comdr | N93: Kohkameta LOS | O93: Narayanpur | P93: Narayanpur | Q93: Karkabeda
A94: 5/3/2019 | C94: Distt- Narayanpur PS- Narayanpur Village- Kutul Parpa me Coy no 01 Comdr Mangesh Member Ranjita ke sath 20-25 armed naxalio ke upasthiti ki suchana hai. | E94: Mangesh (Ranjita) | G94: 19.499539 | H94: 80.992077 | I94: 20-25 | K94: SIB | M94: Comdr (Member) | N94: Coy no 01 | O94: Narayanpur | P94: Narayanpur | Q94: Kutul Parpa
A95: 5/3/2019 | C95: 1. Today (05.03.19) a group of armed CPI (Maoist) cadres (10- 1) of Maad DVC led by Deepak (Commander Orchha LOS) is noticed at village Badetondebeda (5 - 6 km SW of PS Orcha) distt Narayanpur. The group is likely to move towards Orchameta PS Orchha. | E95: Deepak | G95: 19.326862 | H95: 81.132105 | I95: 45576 | K95: IB | M95: Comdr | N95: Orchha LOS | O95: Narayanpur | P95: Orchha | Q95: Bade Tondabeda
A96: 9/3/2019 | C96: Distt- Narayanpur PS- Orchha Village- Batumpara me Agyat 10-15 armed naxalio ke upasthiti ki suchana hai. | E96: - | G96: 19.377626 | H96: 81.187301 | I96: 45580 | K96: SIB | M96: - | N96: - | O96: Narayanpur | P96: Orchha | Q96: Batumpara
A97: 10/3/2019 | C97: Distt- Narayanpur PS- Narayanpur Village- Mohandi me Kutul AC Member Dosel Sukhlal ke sath 10-12 armed naxalio ke upasthi ki suchana hai. | E97: Dosel (Sukhlal) | G97: 19.565288 | H97: 81.077614 | I97: 45577 | K97: SIB | M97: Member | N97: Kutul AC | O97: Narayanpur | P97: Narayanpur | Q97: Mohandi
A98: 10/3/2019 | C98: Distt- Narayanpur PS- Orchha Village- Dhrubeda me Mad DVC Member Ranita Member Somrai ke sath 18-20 armed naxalio ke upasthiti ki suchana hai. | E98: Ranita @ Jaimati (Somari) | G98: 19.449523 | H98: 80.996788 | I98: 18-20 | K98: SIB | M98: Member | N98: Maad DVC | O98: Narayanpur | P98: Orchha | Q98: Dhurbeda
A99: 10/3/2019 | C99: Distt- Narayanpur PS- Narayanpur Village- Murenar & Acheli me Nelnar Acmember Budhru ke sath 12-13 armed naxalio ke upasthiti ki suchana hai. | E99: Budhru | G99: 19.677926 | H99: 81.046133 | I99: 45639 | K99: SIB | M99: Member | N99: Nelnar AC | O99: Narayanpur | P99: Narayanpur | Q99: Murenar & Acheli
A100: 10/3/2019 | C100: Distt- Narayanpur PS- Narayanpur Village- Hikpad me Kohkameta LOS comdr Reena ke sath 09-10 armed naxalio ke upasthiti ki suchana hai. | E100: Reena | G100: 19.509327 | H100: 81.17156 | I100: 45545 | K100: SIB | M100: comdr | N100: Kohkameta LOS | O100: Narayanpur | P100: Narayanpur | Q100: Hikpad
...

Sheet 2020
A1: Date | B1: Int Unique No | C1: Int Content | D1: Name_ | E1: Name | F1: GR | G1: Latitude | H1: Longitude | I1: Strength | J1: Int Confidence | K1: Source | L1: Type | M1: Rank | N1: Area Committee | O1: District | P1: Police Station | Q1: Place | R1: Division | S1: Week | T1: Month
A2: 43862 | C2: Distt- Narayanpur PS- Orchha Village- Bhatbeda me Orchha LOS Comdr Deepak ke sath 14-15 armed naxalio ke upasthiti ki suchana hai | D2: dpk | E2: Deepak | G2: 19.286266 | H2: 81.141885 | I2: 14-15 | K2: SIB | M2: comdr | N2: Orchha LOS | O2: Narayanpur | P2: Orchha | Q2: Bhatbeda
A3: 43922 | C3: Distt- Narayanpur PS- Orchha Village- Bhatbeda me Pln no 16 Comdr Mallesh ke sath 18-20 armed naxalio upasthiti ki suchana hai | D3: mls | E3: Mallesh | G3: 19.286266 | H3: 81.141885 | I3: 18-20 | K3: SIB | M3: Comdr | N3: Pln no 16 | O3: Narayanpur | P3: Orchha | Q3: Bhatbeda
A4: 43983 | C4: Distt- Narayanpur PS- Orcha Village- Bhatbeda me Pln no 16 Comdr Mallesh ke sath 20-25 armed naxalio ke upasthiti ki suchana hai | D4: mls | E4: Mallesh | G4: 19.286266 | H4: 81.141885 | I4: 20-25 | K4: SIB | M4: Comdr | N4: Pln no 16 | O4: Narayanpur | P4: Orcha | Q4: Bhatbeda
A5: 44044 | C5: Distt- Narayanpur PS- Narayanpur Village- Enmeta me Kutul LOS Comdr Pandi @ Dinesh ke sath 07-08 armed naxalio ke upasthiti ki suchana hai | D5: pdi | E5: Pandi @ Dinesh | G5: 19.602297 | H5: 81.154946 | I5: 45481 | K5: SIB | M5: Comdr | N5: Kutul LOS | O5: Narayanpur | P5: Narayanpur | Q5: Enmeta
A6: 44044 | C6: Distt- Narayanpur PS- Orcha Village- Kunjekal me Agyat Maoist naxalio ke Villagers Meeting Kiye Janea ki suchana hai | D6: ukn | E6: - | G6: 19.337039 | H6: 81.007573 | I6: - | K6: SIB | M6: - | N6: - | O6: Narayanpur | P6: Orcha | Q6: Kunjkal
A7: 44075 | C7: Distt- Narayanpur PS- Kohkameta Village- Gadawahi me Kutul AC Member Sukhlal ke sath 08-09 armed naxalio ke upasthiti ki suchana hai | D7: skl | E7: Sukhlal | G7: 19.652004 | H7: 81.049647 | I7: 45513 | K7: SIB | M7: Member | N7: Kutul AC | O7: Narayanpur | P7: Kohkameta | Q7: Gadawahi
A8: 44105 | C8: Distt- Narayanpur PS- Orchha Village- Bhatbeda me Orchha LOS Comdr Deepak ke sath 12-13 armed naxalio ke upasthiti ki suchana hai | D8: dpk | E8: Deeapak | G8: 19.286266 | H8: 81.141885 | I8: 45639 | K8: SIB | M8: Comdr | N8: Orchha LOS | O8: Narayanpur | P8: Orchha | Q8: Bhatbeda
A9: 44105 | C9: Distt- Narayanpur PS- Narayanpur Village- Kutul (Parpa) to me Maad DVC Secy Ranita @ Jaimati ke sath 15-20 armed naxalio ke upasthiti ki suchana hai | D9: rnt | E9: Ranita @ Jaimati | G9: 19.518649 | H9: 81.006457 | I9: 15-20 | K9: SIB | M9: Secy | N9: Mad DVC | O9: Narayanpur | P9: Narayanpur | Q9: Kutul (Parpa)
A10: 44166 | C10: Distt- Narayanpur Camp- Sonpur Village- Horadi me Paralkot LOS Comdr Jailal @ Anant ke sath 10-12 armed naxalio ke upasthiti ki suchana hai. | E10: Jailal @ Anant | G10: 19.751235 | H10: 80.889104 | I10: 45577 | K10: SIB | M10: Comdr | N10: Paralkot LOS | O10: Narayanpur | P10: Camp Sonpur | Q10: Horadi
A11: 44166 | C11: Distt- Narayanpur Camp- Sonpur Village- Gongla me Kohkameta LOS Comdr Reena ke sath 07-08 armed naxalio ke upasthiti ki suchana hai. | D11: rna | E11: Reena | G11: 19.678468 | H11: 81.01788 | I11: 45481 | K11: SIB | M11: Comdr | N11: Kohkameta LOS | O11: Narayanpur | P11: Camp Sonpur | Q11: Gongla
A12: 13-01-2020 | C12: Distt- Narayanpur PS- Orchha Village- Rotad me Pln no 16 Comdr Mallesh ke sath 18-20 armed naxalio ke upasthiti ki suchana hai. | D12: mls | E12: Mallesh | G12: 19.313468 | H12: 81.238715 | I12: 18-20 | K12: SIB | M12: Comdr | N12: Pln no 16 | O12: Narayanpur | P12: Orchha | Q12: Rotad
A13: 14-01-2020 | C13: Distt- Narayanpur PS- Kohkameta Village-Mohandi me Kutul AC Member Dosel & Veshu ke sath 07-08 armed naxalio ke upasthiti ki suchana hai. | D13: dsl | E13: Dosel (Veshu) | G13: 19.564163 | H13: 81.077036 | I13: 45481 | K13: SIB | M13: Member | N13: Kutul AC | O13: Narayanpur | P13: Camp Kohkameta | Q13: Mohandi
A14: 14-01-2020 | C14: Distt- Narayanpur PS- Dhanora Village- Tekanar & Rainar me Agyat 04-05 armed naxalio ke upasthiti ki suchana hai. | D14: ukn | G14: 19.427974 | H14: 81.206415 | I14: 45387 | K14: SIB | M14: - | N14: - | O14: Narayanpur | P14: Dhanora | Q14: Tekanar & Rainar
A15: 15-01-2020 | C15: Distt- Narayanpur PS- Orcha Village- Ader me Maad DVC Suply Comdr Sapna Orcha LOS Comdr Deepak Member Anita ke sath 15 armed naxalio ke upasthiti ki suchana hai. | D15: spn | E15: Sapna (Deepak) (Anita) | G15: 19.289862 | H15: 81.089398 | I15: 15 | K15: SIB | M15: Comdr (Comdr) (Member) | N15: Maad DVC Suply (Orcha LOS) | O15: Narayanpur | P15: Orcha | Q15: Ader
A16: 16-01-2020 | C16: Distt- Narayanpur PS- Narayanpur Village-Pallakasa me Agyat 25-30 armed naxalio ke upasthiti ki suchana hai. | D16: ukn | E16: - | G16: 19.772999 | H16: 81.106177 | I16: 25-30 | K16: SIB | M16: - | N16: - | O16: Narayanpur | P16: Narayanpur | Q16: Pallakasa
A17: 17-01-2020 | C17: Distt- Narayanpur PS- Narayanpur Village-Murehnar me Agyat 07-08 armed naxalio ke upasthiti ki suchana hai. | D17: ukn | E17: - | G17: 19.574784 | H17: 81.194668 | I17: 45481 | K17: SIB | M17: - | N17: - | O17: Narayanpur | P17: Kukadajhor | Q17: Murehnar
A18: 19-01-2020 | C18: Distt- Narayanpur PS- Orchha Village- Bade Tondabeda me Orchha LOS Comdr Deepak member Jyoti ke sath dekhe jane ki suchana hai. | D18: dpk | E18: Deepak (Jyoti) | G18: 19.326977 | H18: 81.133264 | I18: - | K18: SIB | M18: Comdr (Member) | N18: Orchha LOS | O18: Narayanpur | P18: Orchha | Q18: Bade Tondabeda
A19: 19-01-2020 | C19: Distt- Narayanpur PS- Kohkameta Village- Toke me Kohkameta LOS Comdr Reena ke sath 08-10 armed naxalio ke upasthiti ki suchana hai. | D19: rna | E19: Reena | G19: 19.571523 | H19: 80.985565 | I19: 45514 | K19: SIB | M19: Comdr | N19: Kohkameta LOS | O19: Narayanpur | P19: Kohkameta | Q19: Toke
A20: 19-01-2020 | C20: Distt- Narayanpur PS- Orchha Village- Markabeda me Maad DVC Suply Inch Sapna ke sath 14-15 armed naxalio ke upasthiti ki suchana hai. | D20: spn | E20: Sapan | G20: 19.28744 | H20: 81.17095 | I20: 14-15 | K20: SIB | M20: Inch | N20: Maad DVC Suply | O20: Narayanpur | P20: Orchha | Q20: Markabeda
A21: 19-01-2020 | C21: Distt- Narayanpur PS- Orchha Village- Kostadi me Kutul LOS Comdr Pandi @ Dinesh ke sath 09-10 armed naxalio ke upasthiti ki suchana hai. | D21: pdi | E21: Pandi @ Dinesh | G21: 19.487974 | H21: 81.156826 | I21: 45545 | K21: SIB | M21: Comdr | N21: Kutul LOS | O21: Narayanpur | P21: Orchha | Q21: Kostadi
A22: 22-01-2020 | C22: Distt- Narayanpur PS- Orchha Village- Morot me SZCM Gudsa Usendi NB SZCM Kamlesh EB DVC Inch Niti Bayanar AC Incharge Nirmala DVC Suresh Salam Amdai ACM Hemlal & Santosh ke sath 40-45 armed naxalio ke upasthiti ki suchana hai. | E22: Gudsa Usendi (Kamlesh) (Niti) (Nirmala) (Suresh Salam) (Hemlal & Santosh) | G22: 19.287006 | H22: 81.202761 | I22: 40-45 | K22: SIB | M22: Member (Member) (Inch) (Inch) (Member) (Member) | N22: SZC (NB SZC) (EB DVC) (Bayanar AC) (Amdai DVC) (AC) | O22: Narayanpur | P22: Orchha | Q22: Morot
A23: 23-01-2020 | C23: Distt- Narayanpur PS- Orchha Village- Kakawada me Maad DVCM Suply Team comdr Sapan Pln no 16 Comdr Mallesh ke sath 18-20 armed naxalio ke upasthiti ki suchana hai. | D23: spn | E23: Sapan (Mallesh) | G23: 19.234885 | H23: 81.211799 | I23: 18-20 | K23: SIB | M23: Member (comdr) | N23: Maad DVC (Pln no 16) | O23: Narayanpur | P23: Orchha | Q23: Kakawada
A24: 23-01-2020 | C24: Distt- Narayanpur PS- Orchha Village- Rainar me Agyat 04-05 armed naxalio ke upasthiti ki suchana hai. | D24: ukn | E24: - | G24: 19.421138 | H24: 81.172577 | I24: 45387 | K24: SIB | M24: - | N24: - | O24: Narayanpur | P24: Orchha | Q24: Rainar
A25: 23-01-2020 | C25: Distt- Narayanpur PS- Kohkameta Village- Toke me Kohkameta LOS Comdr Reena ke sath 10-12 armed naxalio ke upasthiti ki suchana hai. | D25: rna | E25: Reena | G25: 19.571523 | H25: 80.985565 | I25: 45577 | K25: SIB | M25: Comdr | N25: Kohkameta LOS | O25: Narayanpur | P25: Kohkameta | Q25: Toke
A26: 24-01-2020 | C26: Distt- Narayanpur PS- Orchha Village- Morot me SZCM Gudsa Usendi NB SZCM Kamlesh EB DVC Inch Niti Bayanar AC Incharge Nirmala DVC Suresh Salam Amdai ACM Hemlal & Santosh ke sath 30-35 armed naxalio ke upasthiti ki suchana hai. | E26: Gudsa Usendi (Kamlesh) (Niti) (Nirmala) (Suresh Salam) (Hemlal & Santosh) | G26: 19.287006 | H26: 81.202761 | I26: 30-35 | K26: SIB | M26: Member (Member) (Inch) (Inch) (Member) (Member) | N26: SZC (NB SZC) (EB DVC) (Bayanar AC) (Amdai DVC) (AC) | O26: Narayanpur | P26: Orchha | Q26: Morot
A27: 25-01-2020 | C27: Distt- Narayanpur PS- Dhaudai Village- Temrugaon me Bayanar LGS Comdr Mahesh member Vijay ke sath 02 naxalio ke upasthiti ki suchana hai. | D27: mhs | E27: Mahesh (Vijay) | G27: 19.406338 | H27: 81.426224 | I27: 2 | K27: SIB | M27: Comdr (Member) | N27: Bayanar LGS | O27: Narayanpur | P27: Dhaudai | Q27: Temrugaon
A28: 25-01-2020 | C28: Distt- Narayanpur PS- Orchha Village- Rotad me Maad DVC Suply Team Comdr Sapan Pln no 16 Comdr Mallesh ke sath 15-20 armed naxalio ke upasthiti ki suchana hai. | D28: spn | E28: Sapna (Mallesh) | G28: 19.313468 | H28: 81.238715 | I28: 15-20 | K28: SIB | M28: Comdr (Comdr) | N28: Maad DVC Suply Team (Pln no 16) | O28: Narayanpur | P28: Orchha | Q28: Rotad
A29: 25-01-2020 | C29: Distt- Narayanpur PS- Orchha Village- Morot me SZCM Ramchandra Reddy NB SZCM Kamlesh EB DVC Inch Niti Bayanar AC Incharge Nirmala DVC Suresh Salam Amdai ACM Hemlal & Santosh ke sath 30-35 armed naxalio ke upasthiti ki suchana hai. | D29: rcd | E29: Ramchandra Reddy (Kamlesh) (Niti) (Nirmala) (Suresh Salam) (Hemlal & Santosh) | G29: 19.287006 | H29: 81.202761 | I29: 30-35 | K29: SIB | M29: Member (Member) (Inch) (Inch) (Member) (Member) | N29: SZC (NB SZC) (EB DVC) (Bayanar AC) (Amdai DVC) (AC) | O29: Narayanpur | P29: Orchha | Q29: Morot
A30: 27-01-2020 | C30: Distt- Narayanpur PS- Orchha Village- Dumnar me Kutul LOS Comdr Pandi @ Dinesh member Somari ke sath 08-09 armed naxalio ke upasthiti ki suchana hai. | D30: pdi | E30: Pandi @ Dinesh (Somari) | G30: 19.499303 | H30: 81.10889 | I30: 45513 | K30: SIB | M30: Comdr (member) | N30: Kutul LOS | O30: Narayanpur | P30: Orchha | Q30: Dumnar
A31: 27-01-2020 | C31: Distt- Narayanpur PS- Narayanpur Village- Acheli me Agyat 14-15 armed naxalio ke upasthiti ki suchana hai. | D31: ukn | E31: - | G31: 19.574132 | H31: 81.205885 | I31: 14-15 | K31: SIB | M31: - | N31: - | O31: Narayanpur | P31: Narayanpur | Q31: Acheli
A32: 28-01-2020 | C32: Distt- Narayanpur PS- Orcha Village- Thulthuli me DVCM Sapan Pln no 16 Mallesh ACM Jyoti ACM Sukhlal ke sath 20-25 armed naxalio ke upasthiti ki suchana hai. | D32: spn | E32: Sapna (Mallesh) (Jyoti) (Sukhlal) | G32: 19.232579 | H32: 81.22454 | I32: 20-25 | K32: SIB | M32: Member (Secy) (Member) (Member) | N32: DVC (Pln no 16) (AC) (AC) | O32: Narayanpur | P32: Orcha | Q32: Thulthuli
A33: 29-01-2020 | C33: Distt- Narayanpur PS- Narayanpur Village- Kodeliyar me Maad DVCS Ranita Kutul LOS Comdr Pandi @ Dinesh ke sath 15-20 armed naxalio ke Metting Kiye Jane ki suchana hai. | D33: rnt | E33: Ranita (Pandi @ Dinesh) | G33: 19.535893 | H33: 81.071611 | I33: 15-20 | K33: SIB | M33: Secy (Comdr) | N33: Maad DVC (Kutul LOS) | O33: Narayanpur | P33: Narayanpur | Q33: Kodeliyar
A34: 30-01-2020 | C34: Distt- Narayanpur PS- Narayanpur Village- Kondapal me DVCM Ranita @ Jaimati Kutul LOS Comdr Pandi @ Dinesh ke sath 15-20 armed naxalio ke upasthiti ki suchana hai. | D34: rnt | E34: Ranita @ Jaimati (Pandi @ Dinesh) | G34: 19.56273 | H34: 80.997186 | I34: 15-20 | K34: SIB | M34: Member (Comdr) | N34: DVC (Kutul LOS) | O34: Narayanpur | P34: Kohkameta | Q34: Mohandi
A35: 43832 | C35: Distt- Narayanpur PS- Orcha Village-Mandali me Agyat 08-10 armed naxalio ke upasthiti ki suchana hai. | D35: ukn | E35: - | G35: 19.39603 | H35: 81.169783 | I35: 45514 | K35: SIB | M35: - | N35: - | O35: Narayanpur | P35: Orcha | Q35: Mandali
A36: 43863 | C36: Distt- Narayanpur PS- Dhanora Village- Jhori me Agyat 02 naxalio ke Reccee ki suchana hai. | D36: ukn | E36: - | G36: 19.40556 | H36: 81.227077 | I36: 2 | K36: SIB | M36: - | N36: - | O36: Narayanpur | P36: Dhanora | Q36: Jhori
A37: 43863 | C37: Distt- Narayanpur PS- Orcha Village- Orchhameta me Maad DVC Suply inch Sapna Orchha LOS Comdr Deepak ke sath 14-15 armed naxalio ke upasthiti ki suchana hai. | D37: spn | E37: Sapna (Deepak) | G37: 19.337683 | H37: 81.08907 | I37: 14-15 | K37: SIB | M37: Inch (Comdr) | N37: Maad DVC Suply (Orchha LOS) | O37: Narayanpur | P37: Orcha | Q37: Orchhameta
A38: 43923 | C38: Distt- Narayanpur Camp - Sonpur Village- Dhonribeda me Paralkot LOS Comdr Jailal @ Anant Member Mase & Rajmati ke sath 12-15 armed naxalio ke upasthiti ki suchana hai. | E38: Jailal @ Anant (Mase & Rajmati) | G38: 19.708025 | H38: 80.971322 | I38: 45641 | K38: SIB | M38: Comdr (Member) | N38: Paralkot LOS | O38: Narayanpur | P38: Camp -Sonpur | Q38: Dhondribeda
A39: 43953 | C39: Distt- Narayanpur PS- Orchha Village- Ader (Bhatbedapara) me Maad DVC Suply Team Comdr Sapna Orchha LOS Comdr Deepak member Sukhlal & Anita ke sath 18-20 armed naxalio ke upasthiti ki suchana hai. | D39: spn | E39: Sapan (Deepak) (Sukhlal & Anita) | G39: 19.289862 | H39: 81.089398 | I39: 18-20 | K39: SIB | M39: Comdr (Comdr) (Member) | N39: Maad DVC Suply Team (Orchha LOS) | O39: Narayanpur | P39: Orchha | Q39: Ader (Bhatbedapara)
A40: 43953 | C40: Distt- Narayanpur PS- Kohkameta Village- Kutul & Parpa me Kutul AC Member Roshni & Ayatu ke sath 10-11 armed naxalio ke upasthiti ki suchana hai. | E40: Roshni & Ayatu | G40: 19.518554 | H40: 81.006343 | I40: 45576 | K40: SIB | M40: Member | N40: Kutul LOS | O40: Narayanpur | P40: Kohkameta | Q40: Kutul & Parpa
A41: 43953 | C41: Distt- Narayanpur PS- Dhaudai Village- Irpanar me Kuwanar AC Member Suresh ke sath 15-20 armed naxalio ke upasthiti ki suchana hai. | D41: srs | E41: Suresh | G41: 19.317017 | H41: 81.329281 | I41: 15-20 | K41: SIB | M41: Member | N41: Kuwanar AC | O41: Narayanpur | P41: Dhaudai | Q41: Irpanar
A42: 43984 | C42: Distt- Narayanpur PS- Dhaudai Village- Irpanar me Kuwanar AC Member Suresh ke sath 15-20 armed naxalio ke upasthiti ki suchana hai. | D42: pdi | E42: Pandi @ Dinesh | G42: 19.317017 | H42: 81.329281 | I42: 14-15 | K42: SIB | M42: Comdr | N42: Kutul LOS | O42: Narayanpur | P42: Kohkameta | Q42: Mohandi
A43: 44014 | C43: Distt- Narayanpur PS- Orchha Village- Bhatbeda me Orchha LOS Comdr Deepak ke sath 20-25 armed naxalio ke upasthiti ki suchana hai. | D43: dpk | E43: Deepak | G43: 19.286266 | H43: 81.141885 | I43: 20-25 | K43: SIB | M43: Comdr | N43: Orchha LOS | O43: Narayanpur | P43: Orchha | Q43: Bhatbeda
A44: 44014 | C44: Distt- Narayanpur PS- Kohkameta Village- Hikmeta me Maad DVC Inchager Ranita @ Jaimati Kutul AC Member Suklal ke sath 10-12 armed naxalio ke upasthiti ki suchana hai. | D44: rnt | E44: Ranita @ Jaimati (Sukhlal) | G44: 19.645576 | H44: 81.012703 | I44: 45577 | K44: SIB | M44: Inch (Member) | N44: Maad DVC (Kutul AC) | O44: Narayanpur | P44: Kohkameta | Q44: Hikmeta
A45: 44106 | C45: Distt- Narayanpur PS- Orchha Village- Kakawada me Pln no 16 Comdr Mallesh Maad DVC Suply Team Comdr Sapna ACM Sukhlal ke sath 20-25 armed naxalio ke upasthiti ki suchana hai. | D45: mls | E45: Mallesh (Sapna) (Sukhlal) | G45: 19.234885 | H45: 81.211799 | I45: 20-25 | K45: SIB | M45: Comdr (Comdr) (Member) | N45: Pln no 16 (Maad DVC Suply Team) (AC) | O45: Narayanpur | P45: Orchha | Q45: Kakawada
A46: 44106 | C46: Distt- Narayanpur PS- Orchha Village- Jatlur me Indrawati AC Secy Madhu @ Kamlakar Orchha LOS Comdr Deepak Jatlur LOS comdr Ashok ke sath 24-25 armed naxalio ke upasthiti ki suchana hai. | D46: mdu | E46: Madhu @ Kamlakar (Deepak) (Ashok) | G46: 19.60777 | H46: 80.905262 | I46: 24-25 | K46: SIB | M46: Secy (Comdr) (Comdr) | N46: Indrawati AC (Orchha LOS) (Jatlur LOS) | O46: Narayanpur | P46: Orchha | Q46: Jatlur
A47: 44106 | C47: Distt- Narayanpur PS- Kohkameta Village- Karkawada me Maad DVC Secy Ranita @ Jaimati member Vesu & Somari ke sath 15-16 armed naxalio ke upasthiti ki suchana hai. | D47: rnt | E47: Ranita @ Jaimati (Vesu & Somari) | G47: 19.623474 | H47: 80.943211 | I47: 15-16 | K47: SIB | M47: Secy (Member) | N47: Maad DVC | O47: Narayanpur | P47: Kohkameta | Q47: Karkawada
A48: 44167 | C48: Distt- Narayanpur PS- Dhanora Village- Rainar me Agyat 10-12 armed naxalio ke upasthiti ki suchana hai. | D48: ukn | E48: - | G48: 19.421958 | H48: 81.172042 | I48: 45577 | K48: SIB | M48: - | N48: - | O48: Narayanpur | P48: Dhanora | Q48: Rainar
A49: 13-02-2020 | C49: Distt- Narayanpur PS- Orchha Village- Ader (Guppakot) me Maad DVC Suply Team Comdr Sapna ACM Manoj ke sath 12-15 armed naxalio ke upasthiti ki suchana hai. | E49: Sapna (Manoj) | G49: 19.289747 | H49: 81.089553 | I49: 45641 | K49: SIB | M49: Comdr (Member) | N49: Maad DVC Suply (AC) | O49: Narayanpur | P49: Orchha | Q49: Ader (Guppakot)
A50: 13-02-2020 | C50: Distt- Narayanpur PS- Orchha Village- Irpanar me Kuyenar ACM Suresh ke sath 12-15 armed naxalio ke upasthiti ki suchana hai. | D50: srs | E50: Suresh | G50: 19.316681 | H50: 81.330794 | I50: 15-20 | K50: SIB | M50: Member | N50: Kuyenar AC | O50: Narayanpur | P50: Orchha | Q50: Irpanar
A51: 14-02-2020 | C51: Distt- Narayanpur PS- Orchha Village- Pochawada me PLn no 16 Comdr Mallesh ke sath 15-20 armed naxalio ke upasthiti ki suchana hai. | D51: mls | E51: Mallesh | G51: 19.238586 | H51: 81.203381 | I51: 15-20 | K51: SIB | M51: Comdr | N51: Pln no 16 | O51: Narayanpur | P51: Orchha | Q51: Pochawada
A52: 14-02-2020 | C52: Distt- Narayanpur PS- Orchha Village- Acheli me Kutul LOS Comdr Pandi @ Dinesh ke sath 10-12 armed naxalio ke upasthiti ki suchana hai. | D52: pdi | E52: Pandi @ Dinesh | G52: 19.573234 | H52: 81.205783 | I52: 45577 | K52: SIB | M52: Comdr | N52: Kutul LOS | O52: Narayanpur | P52: Kukrajhor | Q52: Acheli
A53: 14-02-2020 | C53: Distt- Narayanpur PS- Kohkameta Village- Kodeliyar me Maad DVC Member Radhika ke sath 15-20 armed naxalio ke upasthiti ki suchana hai. | D53: Rdh | E53: Radhika | G53: 19.540061 | H53: 81.05591 | I53: 15-20 | K53: SIB | M53: President | N53: Maad DVC Jantana Sarkar | O53: Narayanpur | P53: Kohkameta | Q53: Kodeliyar
A54: 15-02-2020 | C54: Distt- Narayanpur PS- Orchha Village- Gumter me Agyat 18-20 armed naxalio ke upasthiti ki suchana hai. | D54: ukn | E54: - | G54: 19.314946 | H54: 81.352454 | I54: 18-20 | K54: SIB | M54: - | N54: - | O54: Narayanpur | P54: Orchha | Q54: Gumter
A55: 15-02-2020 | C55: Distt- Narayanpur PS- Kohkameta Village- Kasturmeta me Kutul AC Member Sukhlal Veshu & Ratan ke sath 25-30 armed naxalio ke upasthiti ki suchana hai. | D55: skl | E55: Sukhlal (Veshu & Ratan) | G55: 19.539218 | H55: 80.95584 | I55: 25-30 | K55: SIB | M55: Member | N55: Kutul AC | O55: Narayanpur | P55: Kohkameta | Q55: Kasturmeta
A56: 15-02-2020 | C56: Distt- Narayanpur PS- Orcha Village- Gumiyabeda me Agyat 07-08 naxalio Dekhe Jane ki suchana hai. | D56: ukn | E56: - | G56: 19.330085 | H56: 81.223608 | I56: 45481 | K56: SIB | M56: - | N56: - | O56: Narayanpur | P56: Orcha | Q56: Gumiyabeda
A57: 17-02-2020 | C57: Distt- Narayanpur PS- Kohkameta Village- Kanagaon me Agyat 14-15 armed naxalio ke upasthiti ki suchana hai. | D57: ukn | E57: - | G57: 19.626149 | H57: 81.032374 | I57: 14-15 | K57: SIB | M57: - | N57: - | O57: Narayanpur | P57: Kohkameta | Q57: Kanagaon
A58: 17-02-2020 | C58: Distt- Narayanpur PS- Narayanpur Village- Godelmarka me Partapur DVC Member Shankar & Maoist Meeting kiye jane ki suchana hai. | D58: shkr | E58: Shakar | G58: 19.560406 | H58: 80.865834 | I58: - | K58: SIB | M58: Member | N58: Partapur DVC | O58: Narayanpur | P58: Narayanpur | Q58: Godelmarka
A59: 19-02-2020 | C59: Distt- Narayanpur PS- Orchha Village- Bhatbeda me Orchha LOS Comdr Deepak ke sath 10-12 armed naxalio ke upasthiti ki suchana hai. | D59: dpk | E59: Deepak | G59: 19.286266 | H59: 81.141885 | I59: 45577 | K59: SIB | M59: Comdr | N59: Orchha LOS | O59: Narayanpur | P59: Orchha | Q59: Bhatbeda
A60: 21-02-2020 | C60: Distt- Narayanpur PS- Narayanpur Village-Ulispar & Kandadi me Agyat 10-12 armed naxalio ke upasthiti ki suchana hai. | D60: ukn | E60: - | G60: 19.525398 | H60: 81.187802 | I60: 45577 | K60: SIB | M60: - | N60: - | O60: Narayanpur | P60: Narayanpur | Q60: Ulispar & Kandadi
A61: 21-02-2020 | C61: Distt- Narayanpur PS- Kukrajhor Village- Nelnar Ulispar me Agyat 24-25 armed naxalio ke meeting ki suchana hai. | D61: ukn | E61: - | G61: 19.525398 | H61: 81.187802 | I61: 24-25 | K61: SIB | M61: - | N61: - | O61: Narayanpur | P61: Kukrajhor | Q61: Nelnar Ulispar
A62: 23-02-2020 | C62: Distt- Narayanpur PS- Orcha Village- Bhatbeda me DVCM Sapna Orcha LOS Comdr Deepak ke sath 14-15 armed naxalio ke upasthiti ki suchana hai. | D62: spn | E62: Sapna (Deepak) | G62: 19.286266 | H62: 81.141885 | I62: 14-15 | K62: SIB | M62: Member (Comdr) | N62: DVC (Orcha LOS) | O62: Narayanpur | P62: Orcha | Q62: Bhatbeda
A63: 23-02-2020 | C63: Distt- Narayanpur PS- Kohkameta Village- Kodeliyar me Kohkameta LOS Dy Comdr Veshu Member Santu ke sath 10 armed naxalio ke upasthiti ki suchana hai. | D63: vsu | E63: Veshu (Santu) | G63: 19.535608 | H63: 81.071707 | I63: 10 | K63: SIB | M63: Dy Comdr (Member) | N63: Kohkameta LOS | O63: Narayanpur | P63: Kohkameta | Q63: Kodeliyar
A64: 23-02-2020 | C64: Distt- Narayanpur PS- Narayanpur Village- Enmeta me Maad DVCS Ranita @ Jaimati ke sath 09-10 armed naxalio ke Dekhe Jane ki suchana hai. | D64: rnt | E64: Ranita @ Jaimati | G64: 19.602297 | H64: 81.154946 | I64: 45545 | K64: SIB | M64: Secy | N64: Maad DVC | O64: Narayanpur | P64: Narayanpur | Q64: Enmeta
A65: 24-02-2020 | C65: Distt- Narayanpur PS- Narayanpur Village- Dumnar (Kiskal) me Agyat 14-15 armed naxalio ke upasthiti ki suchana hai. | D65: ukn | E65: - | G65: 19.499772 | H65: 81.108826 | I65: 14-15 | K65: SIB | M65: - | N65: - | O65: Narayanpur | P65: Narayanpur | Q65: Dumnar (Kiskal)
A66: 24-02-2020 | C66: Distt- Narayanpur PS- Orcha Village- Japgunda me Orcha LOS Comdr Deepak ke sath 10-12 armed naxalio ke Metting Liye Jane ki suchana hai. | D66: dpk | E66: Deepak | G66: 19.317531 | H66: 81.219044 | I66: 45577 | K66: SIB | M66: Comdr | N66: Orcha LOS | O66: Narayanpur | P66: Orcha | Q66: Japgunda
A67: 24-02-2020 | C67: Distt- Narayanpur PS- Kohkameta Village- Kihkad me Kutul ACM Sukhlal ke sath 07-08 armed naxalio ke Dekhe Jane ki suchana hai. | D67: skl | E67: Sukhlal | G67: 19.679873 | H67: 81.05113 | I67: 45481 | K67: SIB | M67: Member | N67: Kutul AC | O67: Narayanpur | P67: Kohkameta | Q67: Kihkad
A68: 25-02-2020 | C68: Distt- Narayanpur PS- Orcha Village- Kostadi me Kutul LOS Comdr Pandi @ Dinesh ke sath 08-10 armed naxalio ke meeting Kiye Jane ki suchana hai. | D68: pdi | E68: Pandi @ Dinesh | G68: 19.487974 | H68: 81.156826 | I68: 45514 | K68: SIB | M68: Comdr | N68: Kutul LOS | O68: Narayanpur | P68: Orcha | Q68: Kostadi
A69: 26-02-2020 | C69: Distt- Narayanpur PS- Kohkameta Village- Irakbhatti me Kutul AC Members Somari & Sukhlal ke sath 10-12 armed naxalio ke upasthiti ki suchana hai. | D69: skl | E69: Somari (Sukhlal) | G69: 19.607454 | H69: 81.0424 | I69: 45577 | K69: SIB | M69: Members | N69: Kutul AC | O69: Narayanpur | P69: Kohkameta | Q69: Irakbhatti
A70: 27-02-2020 | C70: Distt- Narayanpur PS- Chhotedongar Village- Gumter Aderbeda & Irpanar me Agyat 03-04 armed naxalio ke reccee kiye jane ki suchana hai. | D70: ukn | E70: - | G70: 19.315288 19.316011 19.299380 | H70: 81.351151 81.331636 81.354581 | I70: 45355 | K70: SIB | M70: - | N70: - | O70: Narayanpur | P70: Chhotedongar | Q70: Gumter Aderbeda & Irpanar
A71: 27-02-2020 | C71: Distt- Narayanpur PS- Orchha Village- Juwada me Pln no 16 Comdr Mallesh ke sath 15-18 armed naxalio ke reccee kiye jane ki suchana hai. | D71: mls | E71: Mallesh | G71: 19.307765 | H71: 81.201548 | I71: 15-18 | K71: SIB | M71: Comdr | N71: Pln no 16 | O71: Narayanpur | P71: Orchha | Q71: Juwada
A72: 29-02-2020 | C72: Distt- Narayanpur PS- Orcha Village- Dhonderbeda me DVCM Sapna ke sath 07-10 armed naxalio ke upasthiti ki suchana hai. | D72: spn | E72: Sapna | G72: 19.327574 | H72: 81.13328 | I72: 45483 | K72: SIB | M72: Member | N72: DVC | O72: Narayanpur | P72: Orcha | Q72: Dhonderbeda
A73: 43833 | C73: Distt- Narayanpur PS- Orchha Village- Idawada me Orchha LOS Comdr Deepak Janmilitia members Lakhmi Pandru & Manbati ke sath 17-18 armed naxalio ke upasthiti ki suchana hai. | D73: dpk | E73: Deepak (Lakhmi Pandru Manbati) | G73: 19.230276 | H73: 81.068041 | I73: 17-18 | K73: SIB | M73: Comdr (Member) | N73: Orchha LOS (Janmilitia) | O73: Narayanpur | P73: Orchha | Q73: Idawaya
A74: 43833 | C74: Distt- Narayanpur PS- Orchha Village- Chhote Tondabeda me Agyat 20-25 armed naxalio ke upasthiti ki suchana hai. | D74: ukn | E74: - | G74: 19.346895 | H74: 81.268933 | I74: 20-25 | K74: SIB | M74: - | N74: - | O74: Narayanpur | P74: Orchha | Q74: Chhote Tondabeda
A75: 43864 | C75: Distt- Narayanpur PS- Orcha Village- Chhotetondabeda me Indravati DVCM Madhu @ Kamlakar Maad DVC Incharge Ranita @ Jaimati ke 40-45 | D75: mdu | E75: Madhu @ Kamlakar (Ranita @ Jaimati) | G75: 19.346895 | H75: 81.268933 | I75: 40-45 | K75: SIB | M75: Member (Incharge) | N75: Indravati DVC (Maad DVC) | O75: Narayanpur | P75: Orcha | Q75: Chhotetondabeda
A76: 43864 | C76: Distt- Narayanpur PS- Akabeda Village- Dumnar me Kutul AC Member Sukhlal ke sath 15-16 armed naxalio ke upasthiti ki suchana hai. | D76: dsl | E76: Dosel | G76: 19.499303 | H76: 81.10889 | I76: 15-16 | K76: SIB | M76: Member | N76: Kutul AC | O76: Narayanpur | P76: Camp Akabeda | Q76: Dumnar
A77: 43893 | C77: Distt- Narayanpur PS- Sonpur Village- Kosapadka me Kutul AC Member Sukhlal ke sath 08-10 armed naxalio ke upasthiti ki suchana hai. | D77: skl | E77: Sukhlal | G77: 19.66796 | H77: 81.026633 | I77: 45514 | K77: SIB | M77: Member | N77: Kutul AC | O77: Narayanpur | P77: Sonpur | Q77: Kosapadka
A78: 43893 | C78: Distt- Narayanpur PS- Kohkameta Village- Mohandi me Kutul AC Member Dosel ke sath 14-15 armed naxalio ke meeting liye jane ki suchana hai. | D78: dsl | E78: Dosel | G78: 19.317017 | H78: 81.329281 | I78: 14-15 | K78: SIB | M78: Member | N78: Kutul AC | O78: Narayanpur | P78: Kohkameta | Q78: Mohandi
A79: 43924 | C79: Distt- Narayanpur PS- Kohkameta Village- Kutul Parpa me Maad DVC Secy Ranita @ Jaimati Jantana Sarkar President Radhikta Kutul LOS Comdr Pandi @ Dinesh ke sath Villagers meeting kiye jane ki suchana hai. | D79: rnt | E79: Ranita @ Jaimati (Radhika) (Pandi @ Dinesh) | G79: 19.518584 | H79: 81.006896 | I79: - | K79: SIB | M79: Secy (Presindent) (Comdr) | N79: Madd DVC (Jantana Sarkar) (Kutul LOS) | O79: Narayanpur | P79: Kohkameta | Q79: Kutul Parpa
A80: 43924 | C80: 1. On March 02 evening hrs a group CPI (Maoist) cadres (20-25) led by Radhika (DVCM) and Deepak (Commander Orcha LOS) was noticed camping in between forest area of village's chhote-tondebeda and Batubeda PS Orcha distrct Narayanpur. | D80: Rdh | E80: Radhika (Deepak) | G80: 19.346895 | H80: 81.268933 | I80: 20-25 | K80: IB | M80: President (Deepak) | N80: Jantana Sarkar (Orchha LOS) | O80: Narayanpur | P80: Orchha | Q80: Chhote Tondabeda
A81: 43954 | C81: Distt- Narayanpur PS- Kohkameta Village- Kasturmeta me Kutul AC Member Pandi @ Dinesh ke sath 10-12 armed naxalio ke upasthiti ki suchana hai. | D81: pdi | E81: Pandi @ Dinesh | G81: 19.539218 | H81: 80.95584 | I81: 45577 | K81: SIB | M81: Member | N81: Kutul AC | O81: Narayanpur | P81: Kohkameta | Q81: Kasturmeta
A82: 43985 | C82: Distt- Narayanur PS- Orchha Village- Irpanar & Tuswal me Kuyenar ACS Raiju Lohar Amdai DVCM Suresh Salam ke sath 15-20 armed naxalio ke upasthiti ki suchana hai. | D82: rij | E82: Raiju Lohar (Suresh Salam) | G82: 19.316688 19.304200 | H82: 81.331102 81.365790 | I82: 15-20 | K82: SIB | M82: Secy (Member) | N82: Kuyenar AC (Amdai DVC) | O82: Narayanpur | P82: Orchha | Q82: Irpanar & Tuswal
A83: 43985 | C83: Distt- Narayanur PS- Orchha Village- Irpanar & Tuswal me Kuyenar ACS Raiju Lohar Amdai DVCM Suresh Salam ke sath 15-20 armed naxalio ke upasthiti ki suchana hai. | D83: rij | E83: Raiju Lohar (Suresh Salam) | G83: 19.316688 19.304200 | H83: 81.331102 81.365790 | I83: 15-20 | K83: SIB | M83: Secy (Member) | N83: Kuyenar AC (Amdai DVC) | O83: Narayanpur | P83: Orchha | Q83: Irpanar & Tuswal
A84: 44015 | C84: Distt- Narayanpur PS- Orchha Village- Rainar me Agyat 30-35 armed naxalio ke dekhe jane ki suchana hai. | D84: ukn | E84: - | G84: 19.421958 | H84: 81.172042 | I84: 30-35 | K84: SIB | M84: - | N84: - | O84: Narayanpur | P84: Orchha | Q84: Rainar
A85: 44015 | C85: Distt- Narayanpur PS- Sonpur Village- Kader me Paralkot LOS Comdr Jaialal @ Anant member Rambati ke sath 10-12 armed naxalio ke upasthiti ki suchana hai. | D85: jal | E85: Jailal @ Anant (Rambati) | G85: 19.716426 | H85: 80.901281 | I85: 45577 | K85: SIB | M85: Comdr (Member) | N85: Paralkot LOS | O85: Narayanpur | P85: Sonpur | Q85: Kader
A86: 44015 | C86: Distt- Narayanpur PS- Dhanora Village- Jhori Hikpulla Tekanar & maksoli me Agyat Maoist Ration collect ki suchana hai. | D86: ukn | E86: - | G86: 19.408925 19.430422 19.428730 | H86: 81.224285 81.227336 81.211182 | I86: - | K86: SIB | M86: - | N86: - | O86: Narayanpur | P86: Dhanora | Q86: Jhori Hikpulla Tekanar & Maksoli
A87: 44015 | C87: Distt- Narayanpur PS- Orchha Village- Mardel me Orchha LOS Comdr Deepak ke sath 10-12 armed naxalio ke upasthiti ki suchana hai. | D87: dpk | E87: Deepak | G87: 19.338092 | H87: 81.198944 | I87: 45577 | K87: SIB | M87: Comdr | N87: Orchha LOS | O87: Narayanpur | P87: Orchha | Q87: Mardel
A88: 44015 | C88: Distt- Narayanpur PS- Kohkameta Village- Kodenar me Maad DVCM Jantana Sarkar President Radhika Kutul ACM Dosel ke sath 20-25 armed naxalio ke upasthiti ki suchana hai. | D88: Rdh | E88: Radhika (Dosel) | G88: 19.47814 | H88: 81.022484 | I88: 20-25 | K88: SIB | M88: Member (Member) | N88: Maad DVC (Kutul AC) | O88: Narayanpur | P88: Kohkameta | Q88: Kodenar
A89: 44046 | C89: Distt- Narayanpur PS Orcha Village- Chhote Tondabeda me Pln no 16 Comdr Mallesh Member Laxmi ke sath 20 armed naxalio ke upasthiti ki suchana hai. | D89: mls | E89: Mallesh (Laxmi) | G89: 19.346895 | H89: 81.268933 | I89: 20 | K89: SIB | M89: Comdr (Member) | N89: Pln no 16 | O89: Narayanpur | P89: Orcha | Q89: Chhote Tondabeda
A90: 44046 | C90: Distt- Narayanpur PS Kohkameta Village- Ekmeta me Kohkameta LOS Comdr Reena ke sath 10-15 armed naxalio ke upasthiti ki suchana hai. | D90: rna | E90: Reena | G90: 19.645294 | H90: 81.015961 | I90: 45580 | K90: SIB | M90: Comdr | N90: Kohkameta LOS | O90: Narayanpur | P90: Kohkameta | Q90: Ekmeta
A91: 44046 | C91: Distt- Narayanpur PS Kohkameta Village- Mohandi me Kutul LOS Comdr Pandi @ Dinesh ke sath 08-09 armed naxalio ke upasthiti ki suchana hai. | D91: pdi | E91: Pandi @ Dinesh | G91: 19.317017 | H91: 81.329281 | I91: 45513 | K91: SIB | M91: Comdr | N91: Kutul LOS | O91: Narayanpur | P91: Kohkameta | Q91: Mohandi
A92: 44046 | C92: Distt- Narayanpur PS Orcha Village- Markabeda me Orcha LOS Comdr Deepak ke sath 10-12 armed naxalio ke upasthiti ki suchana hai. | D92: dpk | E92: Deepak | G92: 19.28744 | H92: 81.17095 | I92: 45577 | K92: SIB | M92: Comdr | N92: Orcha LOS | O92: Narayanpur | P92: Orcha | Q92: Markabeda
A93: 44077 | C93: Distt- Narayanpur PS- Narayanpur Village- Kundla Murhpadar me Agyat 04-05 armed naxalio ke upasthiti ki suchana hai. | D93: ukn | E93: - | G93: 19.705277 | H93: 81.04524 | I93: 45387 | K93: SIB | M93: - | N93: - | O93: Narayanpur | P93: Narayanpur | Q93: Kundla Murhapadar
A94: 44077 | C94: Distt- Narayanpur PS Orcha Village- Mardel me Agyat 02-03 armed naxalio ke reccee kiye jane ki suchana hai. | D94: ukn | E94: - | G94: 19.338092 | H94: 81.198944 | I94: 45325 | K94: SIB | M94: - | N94: - | O94: Narayanpur | P94: Orcha | Q94: Orcha Para
A95: 44107 | C95: On March 08 a group of armed CPI (Maoist) cadres (10-12) led by Pandi (Commander Kutul LOS) was noticed camping in the village Asnar (12 Kms North-West of PS Orchha) district Narayanpur. | D95: pdi | E95: Pandi | G95: 19.421929 | H95: 81.124914 | I95: 45577 | K95: IB | M95: Comdr | N95: Kutul LOS | O95: Narayanpur | P95: Orcha | Q95: Asnar
A96: 44138 | C96: Distt- Narayanpur PS - Orchha Village- Ader me Orchha LOS Comdr Deepak ke sath 14-15 armed naxalio ke upasthiti ki suchana hai. | D96: dpk | E96: Deepak | G96: 19.289747 | H96: 81.089553 | I96: 14-15 | K96: SIB | M96: Comdr | N96: Orchha LOS | O96: Narayanpur | P96: Orchha | Q96: Ader
A97: 44168 | C97: Distt- Narayanpur PS- Orchha Village- Edmumpara me Orchha LOS Comdr Deepak & Group ke sath upasthiti ki suchana hai. | D97: dpk | E97: Deepak | G97: 19.346569 | H97: 81.137467 | I97: - | K97: SIB | M97: Comdr | N97: Orchha LOS | O97: Narayanpur | P97: Orchha | Q97: Edjumpara
A98: 44168 | C98: Distt- Narayanpur PS- Kohkameta Village- Hokpad me Kutul LOS comdr Pandi @ Dinesh AC Member Somari ke sath 14-15 armed naxalio ke upasthiti ki suchana hai. | D98: pdi | E98: Pandi @ Dinesh (Somari) | G98: 19.54543 | H98: 81.122699 | I98: 14-15 | K98: SIB | M98: Comdr (Member) | N98: Kutul LOS (AC) | O98: Narayanpur | P98: Kohkameta | Q98: Hokpad
A99: 13-03-2020 | C99: Distt- Narayanpur PS- Orchha Village- Orchhameta me Maad DVC Secy Ranita @ Jaimati & Group armed naxalio ke upasthiti ki suchana hai. | D99: rnt | E99: Ranita @ Jaimati | G99: 19.337683 | H99: 81.08907 | I99: - | K99: SIB | M99: Secy | N99: Maad DVC | O99: Narayanpur | P99: Orchha | Q99: Orchhameta
A100: 13-03-2020 | C100: Distt- Narayanpur PS- Chhotedongarh Village- Munda me Agyat 03-04 naxalio ke reccee kiye jane ki suchana hai. | D100: ukn | E100: - | G100: 19.705277 | H100: 81.314828 | I100: 45355 | K100: SIB | M100: - | N100: - | O100: Narayanpur | P100: Chhotedongar | Q100: Munda
...

Sheet 2021
A1: Date | B1: Int Unique No | C1: Int Content | D1: Name_ | E1: Name | F1: GR | G1: Latitude | H1: Longitude | I1: Strength | J1: Int Confidence | K1: Source | L1: Type | M1: Rank | N1: Area Committee | O1: District | P1: Police Station | Q1: place | R1: Division | S1: Week | T1: Month
A2: 44228 | C2: Distt- Narayanpur PS- Kohkameta Village- Parpa me Kutul ACM Somari & Lalita ke sath 07-08 armed naxalio ke upasthiti ki suchna hai | E2: Somari & Lalita | G2: 19.517489 | H2: 81.006325 | I2: 45481 | K2: SIB | M2: Member | N2: Kutul AC | O2: Narayanpur | P2: Kohkameta | Q2: Parpa
A3: 44228 | C3: Distt- Narayanpur PS- Kohkameta Village- Kachapal me Maad DVC Incharge Ranita @ Jaimati ke sath 06-07 armed naxalio ke upasthiti ki suchna hai | E3: Ranita @ Jaimati | G3: 19.588312 | H3: 81.025769 | I3: 45450 | K3: SIB | M3: Incharge | N3: Maad DVC | O3: Narayanpur | P3: Kohkameta | Q3: Kachapal
A4: 44256 | C4: Distt- Narayanpur PS- Orcha Village- Ader me DVCM Sapna Orcha LGS Comdr Deepak ACM Suklu & Laxmi ke sath 12-15 armed naxalio ke upasthiti ki suchna hai | E4: Sapna (Deepak) (Suklu & Laxmi) | G4: 19.273106 | H4: 81.083128 | I4: 45641 | K4: SIB | M4: Member (Comdr) (Member) | N4: DVC (Orcha LGS) (AC) | O4: Narayanpur | P4: Orcha | Q4: Ader
A5: 44287 | C5: Distt- Narayanpur PS- Kohkameta Village- Kutul to Parpa Road me Maoist Dilip & Ratan ke sath 15-20 armed naxalio ke upasthiti ki suchna hai | E5: Dilip & Ratan | G5: 19.518009 19.518331 | H5: 81.006774 81.008943 | I5: 15-20 | K5: SIB | M5: Members | N5: Maoist | O5: Narayanpur | P5: Kohkameta | Q5: Kutul to Parpa Road
A6: 44287 | C6: Distt- Narayanpur PS- Orcha Village- Mardel me Orcha LOS Comdr Deepak ke sath 07-08 armed naxalio ke upasthiti ki suchna hai | E6: Deepak | G6: 19.315529 | H6: 81.241401 | I6: 45481 | K6: SIB | M6: Comdr | N6: Orchha LOS | O6: Narayanpur | P6: Orcha | Q6: Mardel
A7: 44317 | C7: Distt- Narayanpur PS- Kohkameta Village- Kodeliyar me Kutul LOS Comdr Pandi @ Dinesh Member Santu ke sath 10-12 armed naxalio ke upasthiti ki suchna hai | E7: Pandi @ Dinesh (Santu) | G7: 19.535607 | H7: 81.071677 | I7: 45577 | K7: SIB | M7: Comdr (Member) | N7: Kutul LOS | O7: Narayanpur | P7: Kohkameta | Q7: Kodeliyar
A8: 44317 | C8: Distt- Narayanpur PS- Sonpur Village- Sargipal me Agyat 02-03 armed naxalio ke Reccee Kiye Jane ki suchna hai | E8: - | G8: 19.690627 | H8: 81.011139 | I8: 45325 | K8: SIB | M8: - | N8: - | O8: Narayanpur | P8: Sonpur | Q8: Sargipal
A9: 44348 | C9: Distt- Narayanpur PS- Sonpur Village- Kodri me Agyat 20-25 armed naxalio ke upashthiti ki suchna hai | E9: - | G9: 19.654517 | H9: 80.671898 | I9: 20-25 | K9: SIB | M9: Member | N9: Mad DVC | O9: Narayanpur | P9: Sonpur | Q9: Kodri
A10: 44378 | C10: Distt- Narayanpur PS- Kohkameta Village- Kospadka me Kutul ACM Sukhlal ke sath 12-13 armed naxalio ke upasthiti ki suchna hai | E10: Sukhlal | G10: 19.679119 | H10: 81.017202 | I10: 45639 | K10: SIB | M10: Member | N10: Kutul AC | O10: Narayanpur | P10: Kohkameta | Q10: Kospadka
A11: 44378 | C11: Distt- Narayanpur PS- Orcha Village- Ader me Orcha LOS Comdr Deepak Member Suklu & Laxmi ke sath 15-16 armed naxalio ke upasthiti ki suchna hai | E11: Deepak (Suklu & Laxmi) | G11: 19.273106 | H11: 81.083128 | I11: 15-16 | K11: SIB | M11: Comdr (Member) | N11: Orcha LOS | O11: Narayanpur | P11: Orcha | Q11: Ader
A12: 44378 | C12: Distt- Narayanpur PS- Orcha Village- Hasnar me DVCM Chandra DVCS Ranita Jatlur LOS Comdr Ashok armed naxalio ke Villagers Meeting Kiye Jane ki suchna hai | E12: Chandra (Ranita) (Ashok) | G12: 19.422549 | H12: 81.125621 | I12: - | K12: SIB | M12: Member (Secy) (Comdr) | N12: DVC (DVC) (Jatlur LOS) | O12: Narayanpur | P12: Orcha | Q12: Hasnar
A13: 44409 | C13: Distt- Narayanpur PS- Kohkameta Village- Jharawahi (Kormo) me Pln no 01 Member Mahesh Sukku ke sath 20-25 armed naxalio ke upasthiti ki suchna hai | E13: Mahesh (Sukku) | G13: 19.635568 | H13: 81.117273 | I13: 20-25 | K13: SIB | M13: Member | N13: Pln no 01 | O13: Narayanpur | P13: Kohkameta | Q13: Jharawahi (Kormo)
A14: 44409 | C14: Distt- Narayanpur PS- Orcha Village- Markabeda me Orcha LOS Comdr Deepak Member Somli ke sath 10-12 armed naxalio ke upasthiti ki suchna hai | E14: Deepak (Somli) | G14: 19.289423 | H14: 81.169651 | I14: 45577 | K14: SIB | M14: Comdr (Member) | N14: Orchha LOS | O14: Narayanpur | P14: Orcha | Q14: Markabeda
A15: 44440 | C15: Distt- Narayanpur PS- Kohkameta Village- Mohandi me Kutul ACM Sukhlal Kohkameta LOS Dy Comdr Veshu @ Vishendra ke sath 12-15 armed naxalio ke upasthiti ki suchna hai | E15: Sukhlal (Veshu @ Vishendra) | G15: 19.564579 | H15: 81.077286 | I15: 45641 | K15: IB | M15: Member (Dy Comdr) | N15: Kutul AC (Kohkameta LOS ) | O15: Narayanpur | P15: Kohkameta | Q15: Mohandi
A16: 44470 | C16: Distt- Narayanpur PS- Orcha Village- Dhonderbeda me Pln no 16 Comdr Mallesh Indravati ACM Sukhlal ke sath 18-20 armed naxalio ke upasthiti ki suchna hai | E16: Mallesh (Sukhlal) | G16: 19.328926 | H16: 81.130608 | I16: 18-20 | K16: SIB | M16: Comdr (Member) | N16: Pln no 16 (Indravati AC) | O16: Narayanpur | P16: Orcha | Q16: Dhonderbeda
A17: 44501 | C17: Distt- Narayanpur PS- Orcha Village- Hikul me Mad DVC Suplly Team Inch Sapna Orchha LOS Comdr Deepak Member Suklu & Laxmi ke sath 15 armed naxalio ke upasthiti ki suchna hai | E17: Sapna (Deepak) (Suklu & Laxmi) | G17: 19.227509 | H17: 81.143369 | I17: 15 | K17: SIB | M17: Incharge (Comdr) (Member) | N17: Mad DVC Supply Team (Orchha LOS) | O17: Narayanpur | P17: Orcha | Q17: Hikul
A18: 44531 | C18: Distt- Narayanpur PS- Orcha Village- Dhonderbeda me Orcha LOS Comdr Deepak ACM Jyoti ke sath 20-25 armed naxalio ke Villagers Meeting kiye Jane ki suchna hai | E18: Deepak (Jyoti) | G18: 19.328926 | H18: 81.130608 | I18: 20-25 | K18: SIB | M18: Comdr (Member) | N18: Orcha LOS (AC) | O18: Narayanpur | P18: Orcha | Q18: Dhonderbeda
A19: 44531 | C19: Distt- Narayanpur PS- Kohkameta Village- Mohandi me Kutul LOS Comdr Pandi @ Dinesh ke sath 10-12 armed naxalio ke upasthiti ki suchna hai | E19: Pani @ Dinesh | G19: 19.564579 | H19: 81.077286 | I19: 45577 | K19: SIB | M19: Comdr | N19: Kutul LOS | O19: Narayanpur | P19: Kohkameta | Q19: Mohandi
A20: 44531 | C20: Distt- Narayanpur PS- Kohkameta Village- Ikmeta me Kutul ACM Sukhlal ke sath 12-13 armed naxalio ke upasthiti ki suchna hai | E20: Sukhlal | G20: 19.646162 | H20: 81.013727 | I20: 45639 | K20: SIB | M20: Member | N20: Kutul AC | O20: Narayanpur | P20: Kohkameta | Q20: Ikmeta
A21: 13-01-2021 | C21: Distt- Narayanpur PS- Kukdajhor Village- Nirameta me Agyat 10-12 armed naxalio ke upasthiti ki suchna hai | E21: - | G21: 19.591524 | H21: 81.156899 | I21: 45577 | K21: SIB | M21: - | N21: - | O21: Narayanpur | P21: Kukdajhor | Q21: Nirameta
A22: 14-01-2021 | C22: Distt- Narayanpur PS- Kohkameta Village- Toke me DVCM Ranita @ Jaimati ke sath 10-12 armed naxalio ke upasthiti ki suchna hai | E22: Ranita @ Jaimati | G22: 19.576445 | H22: 80.967382 | I22: 45577 | K22: SIB | M22: Member | N22: DVC | O22: Narayanpur | P22: Kohkameta | Q22: Toke
A23: 14-01-2021 | C23: Distt- Narayanpur PS- Orcha Village- Orchameta me Orcha LOS Comdr Deepak Member Suklu ke sath 12-13 armed naxalio ke upasthiti ki suchna hai | E23: Deepak (Suklu) | G23: 19.337137 | H23: 81.089876 | I23: 45639 | K23: SIB | M23: Comdr (Member) | N23: Orcha LOS | O23: Narayanpur | P23: Orcha | Q23: Orchameta
A24: 14-01-2021 | C24: Distt- Narayanpur PS- Orcha Village- Pochawara me Pln no 16 Comdr Mallesh Medical Team DVC Incharge Sukhlal ke sath 15-16 armed naxalio ke upasthiti ki suchna hai | E24: Mallesh (Sukhlal) | G24: 19.239679 | H24: 81.203381 | I24: 15-16 | K24: SIB | M24: Comdr (Incharge) | N24: Pln no 16 (Medical Team DVC) | O24: Narayanpur | P24: Orcha | Q24: Pochwara
A25: 15-01-2021 | C25: Distt- Narayanpur PS- Kohkameta Village- Mapangal me Kutul ACM Sukhlal Kohkameta LOS Dy Comdr Vishu @ Vishendra ke sath 18-20 armed naxalio ke upasthiti ki suchna hai | E25: Sukhlal (Vishu @ Vishendra) | G25: 19.561496 | H25: 80.974813 | I25: 18-20 | K25: SIB | M25: Member (Dy Comdr) | N25: Kutul AC (Kohkameta LOS) | O25: Narayanpur | P25: Kohkameta | Q25: Mapangal
A26: 14-01-2021 | C26: 1. A group of armed CPI (Maoist) cadres (10-12) of Bayanar LGS was noticed camping near a hilltop located at village Permapal PS Bayanar Dist Kondagaon on January 14 2021 night hours. Later the aforementioned group moved towards village Toenar PS Dhaudhai Dist Narayanpur. | E26: - | G26: 19.486461 | H26: 81.444247 | I26: 45577 | K26: IB | M26: Member | N26: Bayanar LGS | O26: Narayanpur | P26: Bayanar | Q26: Permapal
A27: 16-01-2021 | C27: Distt- Narayanpur PS- Sonpur Village- Jatwar me Mad DVC Secy Ranita @ Jaimati ke sath 15-20 armed naxalio ke upasthiti ki suchna hai | E27: Ranita @ Jaimati | G27: 19.607856 | H27: 80.903721 | I27: 15-20 | K27: SIB | M27: Secy | N27: Mad DVC | O27: Narayanpur | P27: Sonpur | Q27: Jatwar
A28: 16-01-2021 | C28: Distt- Narayanpur PS- Sonpur Village- Horadi me Paralkot LOS Comdr Jailal @ Anant member Maso ke sath 09-10 armed naxalio ke upasthiti ki suchna hai | E28: Jailal @ Anant (Maso) | G28: 19.755465 | H28: 80.893885 | I28: 45545 | K28: SIB | M28: Comdr (Member) | N28: Paralkot LOS | O28: Narayanpur | P28: Sonpur | Q28: Horadi
A29: 17-01-2021 | C29: Distt- Narayanpur PS- Dhanora Village- Tekanar me Agyat 08-10 naxalio ke upasthiti ki suchna hai | E29: - | G29: 18.912417 | H29: 81.369487 | I29: 45514 | K29: SIB | M29: - | N29: - | O29: Narayanpur | P29: Dhanora | Q29: Teknar
A30: 18-01-2021 | C30: Distt- Narayanpur PS- Kohkameta Village- Mohandi me Kohkameta LOS Comdr Veshu @ Vishendra Kutul ACM Sukhlal ke sath 14-15 armed naxalio ke Villagers Meeting Kiye Jane ki suchna hai | E30: Veshu @ Vishendra (Sukhlal) | G30: 19.553038 19.552459 | H30: 81.101697 81.101473 | I30: 14-15 | K30: SIB | M30: Comdr (Member) | N30: Kohkameta LOS (Kutul AC) | O30: Narayanpur | P30: Kohkameta | Q30: Mohandi to Malkal
A31: 18-01-2021 | C31: Distt- Narayanpur PS- Kohkameta Village- Tadokur to Irakbhatti me Kutul LOS Comdr Pandi @ Dinesh ke sath 07-08 armed naxalio ke Villagers Meeting Kiye Jane ki suchna hai | E31: Pandi @ Dinesh | G31: 19.587751 | H31: 81.088548 | I31: 45481 | K31: SIB | M31: Comdr | N31: Kutul LOS | O31: Narayanpur | P31: Kohkameta | Q31: Tadokur to Irakbhatti
A32: 19-01-2021 | C32: Distt- Narayanpur PS- Kohkameta Village- Hikpad me Kutul LOS Comdr Pandi @ Dinesh ke sath 08-10 armed naxalio ke upasthiti ki suchna hai | E32: Pandi @ Dinesh | G32: 19.580912 | H32: 81.138001 | I32: 45514 | K32: SIB | M32: Comdr | N32: Kutul LOS | O32: Narayanpur | P32: Kohkameta | Q32: Hikpad
A33: 19-01-2021 | C33: Distt- Narayanpur PS- Orchha Village- Korowaya me Pln no 16 Member Ramdas ke sath 09-10 armed naxalio ke upasthiti ki suchna hai | E33: Ramdas | G33: 19.243901 | H33: 81.104172 | I33: 45545 | K33: SIB | M33: Member | N33: Pln no 16 | O33: Narayanpur | P33: Orchha | Q33: Korowaya
A34: 20-01-2021 | C34: Distt- Narayanpur PS- Kohkameta Village- Kutul & Kachapal me DVCS Ranita @ Jaimati Kutul ACM Sukhlal Kohkameta LOS Dy Comdr Veshu @ Vishendra armed naxalio ke Villagers Meeitn Kiye Jane ki suchna hai | E34: Ranita @ Jaimati (Sukhlal) (Veshu @ Vishendra) | G34: 19.519979 19.590614 | H34: 81.023634 81.025907 | I34: - | K34: SIB | M34: Secy (Member) (Dy comdr) | N34: DVC (Kutul AC) (Kohkameta LOS) | O34: Narayanpur | P34: Kohkameta | Q34: Kutul & Kachapal
A35: 20-01-2021 | C35: Distt- Narayanpur PS- Orcha Village- Ader me DVCM Sapna Orcha LOS comdr Deepak ke sath 20-25 armed naxalio ke upasthiti ki suchna hai | E35: Sapna (Deepak) | G35: 19.273106 | H35: 81.083128 | I35: 20-25 | K35: SIB | M35: Member (Comdr) | N35: DVC (Orcha LOS_ | O35: Narayanpur | P35: Orcha | Q35: Ader
A36: 20-01-2021 | C36: Distt- Narayanpur PS- Dhaudai Village- Tirkanar me Bayanar ACS Raiju Lohar ke sath 07-08 armed naxalio ke upasthiti ki suchna hai | E36: Raiju Lohar | G36: 19.454761 | H36: 81.460053 | I36: 45481 | K36: SIB | M36: Secy | N36: Bayanar AC | O36: Narayanpur | P36: Dhaudai | Q36: Tirkanar
A37: 20-01-2021 | C37: CPI (Maoist) cadres has called a meeting of villagers between villages Maspur and Garpa PS Sonpur distt Narayanpur on 21.01.2021 over the issues of new police camps and mining projects (Amdai Raoghat). Earlier on the abovementioned issues the CPI (Maoist) cadres organized villagers meeting at Toke (PS Kohkameta dsitt Narayanpur) on Jan 18 and at village Jatwar on Jan 19 2021. | E37: - | G37: 19.761902 19.747387 | H37: 80.868477 80.938295 | I37: - | K37: IB | M37: - | N37: - | O37: Narayanpur | P37: Sonpur | Q37: Maspur & Garpa
A38: 21-01-2021 | C38: Distt- Narayanpur PS- Sonpur Village- Kader me Paralkot LOS Comdr Jailal @ Anant member Rambati ke sath 10-12 armed naxalio ke Villagers Meeitn Kiye Jane ki suchna hai | E38: Jailal @ Anant (Rambati) | G38: 19.716019 | H38: 80.901922 | I38: 45577 | K38: SIB | M38: Comdr (Member) | N38: Paralkot LOS | O38: Narayanpur | P38: Sonpur | Q38: Kader
A39: 21-01-2021 | C39: 1. A group of armed CPI (Maoist) cadres (12-15) has been noticed in the forest area located about 1 kms west of village Paiver PS Orchha dist Narayanpur since last two days. The Maoist cadres held meetings with villagers of villages Gummarka Dhurbeda Kodnar Paiver and asked them to reach Beriltola (PS/distt Narayanpur) by Jan 21 2021 with ration for one week to protest against the proposed bridge at village Sitram PS Chhotebethiya distt Kanker new BSFs Camps in distt Kanker (Karkaghat & Tumirghat) and other camps on Narayanpur-Maroda road. One CPI (Maoist) leader Shankar (DVCM) has been given the charge of the gathering at Beriltola. | E39: - | G39: 19.457107 | H39: 81.065932 | I39: 45641 | K39: IB | M39: - | N39: - | O39: Narayanpur | P39: Orcha | Q39: Paiver
A40: 21-01-2021 | C40: A group of armed CPI (Maoist) cadres (10-12) led by Deepak (Commander Orchha LOS) was noticed camping near Kondakotti south ofAder PS Orchha distt Narayanpur on Jan 20. Another group of armed CPI (Maoist) cadres has been noticed between villages Orchameta and Bade Donderbeda PS Orchha distt Narayanpur since last two days. | E40: Deepak | G40: 19.273106 | H40: 81.083128 | I40: 45577 | K40: IB | M40: Comdr | N40: Orchha LOS | O40: Narayanpur | P40: Orcha | Q40: Ader
A41: 22-01-2021 | C41: Distt- Narayanpur PS- Orchha Village- Hanar me Nelnar AC Secy Kamlesh @ Aram ke sath 10-15 armed naxalio ke upasthiti ki suchna hai | E41: Kamlesh @ Arab | G41: 19.422549 | H41: 81.125621 | I41: 45580 | K41: SIB | M41: Secy | N41: Nelnar AC | O41: Narayanpur | P41: Orchha | Q41: Hasnar
A42: 22-01-2021 | C42: Distt- Narayanpur PS- Kohkameta Village- Hikulnar me Agyat 18-20 armed naxalio ke upasthiti ki suchna hai | E42: - | G42: 19.577171 | H42: 80.862698 | I42: 18-20 | K42: SIB | M42: - | N42: - | O42: Narayanpur | P42: Kohkameta | Q42: Hikulnar
A43: 22-01-2021 | C43: 1. A group of armed CPI (Maoist) cadres (20-25) of a platoon of Coy No: 01 has been noticed moving between villages Toke Kodenar and Jatwar PS Kohkameta Dist Narayanpur since last 02-03 days. | E43: - | G43: 19.608144 | H43: 80.904337 | I43: 20-25 | K43: IB | M43: Member | N43: Coy no 01 | O43: Narayanpur | P43: Kohkameta | Q43: Toke Kodenar & Jatlur
A44: 23-01-2021 | C44: Distt- Narayanpur PS- Orchha Village- Orchhameta me Orchha LOS Comdr Deepak member Suklu Laxmi Rukhmi ke sath 10-12 armed naxalio ke upasthiti ki suchna hai | E44: Deepak (Suklu Laxmi & Rukhmi) | G44: 19.337137 | H44: 81.089876 | I44: 45577 | K44: SIB | M44: Comdr (Member) | N44: Orchha LOS | O44: Narayanpur | P44: Orchha | Q44: Orchhameta
A45: 24-01-2021 | C45: Distt- Narayanpur PS- Orcha Village- Kudmer me Orcha LOS Comdr Deepak ke sath 10-12 armed naxalio ke upasthiti ki suchna hai | E45: Deepak | G45: 19.292939 | H45: 81.000827 | I45: 45577 | K45: SIB | M45: Comdr | N45: Orcha LOS | O45: Narayanpur | P45: Orcha | Q45: Kudmer
A46: 24-01-2021 | C46: Distt- Narayanpur PS- Kohkameta Village- Musher me DVCM Ranita @ Jaimati ke sath 12-15 armed naxalio ke upasthiti ki suchna hai | E46: Ranita @ Jaimati | G46: 19.567257 | H46: 81.000642 | I46: 45641 | K46: SIB | M46: Member | N46: DVC | O46: Narayanpur | P46: Kohkameta | Q46: Musher
A47: 25-01-2021 | C47: Distt- Narayanpur PS- Kohkameta Village- Muser & Konded me DVCM Ranita @ Jaimati ke sath 15-16 armed naxalio ke upasthiti ki suchna hai | E47: Ranita @ Jaimati | G47: 19.567257 | H47: 81.000642 | I47: 15-16 | K47: SIB | M47: Secy | N47: Mad DVC | O47: Narayanpur | P47: Kohkameta | Q47: Muser & Konded
A48: 25-01-2021 | C48: Distt- Narayanpur PS- Kohkameta Village- Irakbhatti me Kutul AC Member Sukhlal ke sath 08-10 armed naxalio ke upasthiti ki suchna hai | E48: Sukhlal | G48: 19.608736 | H48: 81.041809 | I48: 45514 | K48: SIB | M48: Member | N48: Kutul AC | O48: Narayanpur | P48: Kohkameta | Q48: Irakbhatti
A49: 26-01-2021 | C49: Distt- Narayanpur PS- Kohkameta Village- Irakbhatti me Kohkameta LOS Comdr Reena ACM Vanita & Sukhlal ke sath 08-10 armed naxalio ke upasthiti ki suchna hai | E49: Reena (Vanita) (Sukhlal) | G49: 19.608736 | H49: 81.041809 | I49: 45514 | K49: SIB | M49: Comdr (Member) | N49: Kohkameta LOS (Kutul AC) | O49: Narayanpur | P49: Kohkameta | Q49: Irakbhatti
A50: 27-01-2021 | C50: Distt- Narayanpur PS- Orcha Village- Ader me Pln no 16 Comdr Mallesh ACM Sukhlal Member Rukmi ke sath 18-20 armed naxalio ke upasthiti ki suchna hai | E50: Mallesh (Sukhlal) (Rukmi) | G50: 19.273106 | H50: 81.083128 | I50: 18-20 | K50: SIB | M50: Comdr (Member) (Member) | N50: Pln no 16 (AC) | O50: Narayanpur | P50: Orcha | Q50: Ader
A51: 27-01-2021 | C51: Distt- Narayanpur PS- Kohkameta Village- Mohandi me Kutul LOS Comdr Pandi @ Dinesh ke sath 10-12 armed naxalio ke upasthiti ki suchna hai | E51: Pandi @ Dinesh | G51: 19.564579 | H51: 81.077286 | I51: 45577 | K51: SIB | M51: Comdr | N51: Kutul LOS | O51: Narayanpur | P51: Kohkameta | Q51: Mohandi
A52: 27-01-2021 | C52: Distt- Narayanpur PS- Orcha Village- Dhobe me EB DVCS Rajman SZCM Lengu & Group armed naxalio ke upasthiti ki suchna hai | E52: Rajman Mandavi (Lengu) | G52: 19.339746 | H52: 80.930156 | I52: - | K52: SIB | M52: Secy (Member) | N52: EB DVC (SZC) | O52: Narayanpur | P52: Orcha | Q52: Dhobe
A53: 27-01-2021 | C53: Distt- Narayanpur PS- Dhanora Village- Hikpulla me Agyat Maoist armed naxalio ke upasthiti ki suchna hai | E53: - | G53: 19.428013 | H53: 81.230521 | I53: - | K53: SIB | M53: - | N53: - | O53: Narayanpur | P53: Dhanora | Q53: Hikpulla
A54: 27-01-2021 | C54: Distt- Narayanpur PS- Kohkameta Village- Parpa me Agyat 14-15 armed naxalio ke upasthiti ki suchna hai | E54: - | G54: 19.517492 | H54: 81.006328 | I54: 14-15 | K54: SIB | M54: - | N54: - | O54: Narayanpur | P54: Kohkameta | Q54: Parpa
A55: 28-01-2021 | C55: Distt- Narayanpur PS- Orchha Village- Rainar me DVC Member Chandra ke sath 03 armed naxalio ke upasthiti ki suchna hai | E55: Chandra | G55: 19.421805 | H55: 81.171205 | I55: 3 | K55: SIB | M55: Member | N55: DVC | O55: Narayanpur | P55: Orchh | Q55: Rainar
A56: 27-01-2021 | C56: Distt- Narayanpur PS- Kohkameta Village- Irakbhatti me Agyat Maoist item dum kiye jane ki suchna hai | E56: - | G56: 19.608736 | H56: 81.041809 | I56: - | K56: SIB | M56: - | N56: - | O56: Narayanpur | P56: Kohkameta | Q56: Irakbhatti
A57: 29-01-2021 | C57: Distt- Narayanpur PS- Kohkameta Village- Kutul me DVCM Radhika @ Radha ke sath 10-15 armed naxalio ke upasthiti ki suchna hai | E57: Radhika @ Radha | G57: 19.520437 | H57: 81.024107 | I57: 45580 | K57: SIB | M57: Member | N57: DVC | O57: Narayanpur | P57: Kohkameta | Q57: Kutul
A58: 29-01-2021 | C58: Distt- Narayanpur PS- Orcha Village- Ader me DVCM Sapna Orcha LOS comdr Deepak Member Suklu & Lakhmi ke sath 14-15 armed naxalio ke upasthiti ki suchna hai | E58: Sapna (Deepak) (Suklu & Lakhmi) | G58: 19.273106 | H58: 81.083128 | I58: 14-15 | K58: SIB | M58: Member (Comdr) (Member) | N58: DVC (Orcha LOS) | O58: Narayanpur | P58: Orcha | Q58: Ader
A59: 29-01-2021 | C59: Distt- Narayanpur PS- Sonpur Village- Bogan me Coy no 05 Comdr Raju Salam ke sath 15-20 armed naxalio ke upasthiti ki suchna hai | E59: Raju Salam | G59: 19.817417 | H59: 81.003064 | I59: 15-20 | K59: SIB | M59: Comdr | N59: Coy no 05 | O59: Narayanpur | P59: Sonpur | Q59: Bogan
A60: 30-01-2021 | C60: Distt- Narayanpur PS- Orcha Village- Bade Tondabeda me Orcha LOS comdr Deepak ke sath 08-10 armed naxalio ke upasthiti ki suchna hai | E60: Deepak | G60: 19.326862 | H60: 81.132105 | I60: 45514 | K60: SIB | M60: Comdr | N60: Orchha LOS | O60: Narayanpur | P60: Orcha | Q60: Bade Tondabeda
A61: 30-01-2021 | C61: Distt- Narayanpur PS- Kohkameta Village- Kodeliyar me Kutul LOS comdr Pandi @ Dinesh member Somari ke sath 08-09 armed naxalio ke upasthiti ki suchna hai | E61: Pandi @ Dinesh (Somari) | G61: 19.535607 | H61: 81.071677 | I61: 45513 | K61: SIB | M61: Comdr (Member) | N61: Kutul LOS | O61: Narayanpur | P61: Kohkameta | Q61: Kodeliyar
A62: 30-01-2021 | C62: Distt- Narayanpur PS- Orchha Village- Dhurbeda me Kutul AC Member Dosel & Mangli ke sath 18-20 armed naxalio ke upasthiti ki suchna hai | E62: Dosel (Mangli) | G62: 19.449241 | H62: 80.997898 | I62: 18-20 | K62: SIB | M62: Members | N62: Kutul AC | O62: Narayanpur | P62: Orcha | Q62: Dhurbeda
A63: 28-01-2021 | C63: A group of armed CPI (Maoist) cadres (10-12) led by Deepak (Commander Orchha LOS) was noticed camping near a river valley located in the south of village Ader PS Orchha Dist Narayanpur on January 28 2021 night hours | E63: Deepak | G63: 19.273106 | H63: 81.083128 | I63: 45577 | K63: IB | M63: Comdr | N63: Orcha LOS | O63: Narayanpur | P63: Orcha | Q63: Ader
A64: 44198 | C64: Distt- Narayanpur PS- Orchha Village- Dhurbeda me Kutul AC Member Dosel & Mangli ke sath 18-20 armed naxalio ke upasthiti ki suchna hai | E64: Dosel (Mangli) | G64: 19.449241 | H64: 80.997898 | I64: 18-20 | K64: SIB | M64: Member | N64: Kutul AC | O64: Narayanpur | P64: Orchha | Q64: Dhurbeda
A65: 44198 | C65: Distt- Narayanpur PS- Orchha Village- Kakawada me Pln no 16 Comdr Mallesh Medical Team DVCM Sukhlal ke sath 18-20 armed naxalio ke upasthiti ki suchna hai | E65: Mallesh (Sukhlal) | G65: 19.265484 | H65: 81.197585 | I65: 18-20 | K65: SIB | M65: Comdr (Member) | N65: Pln no 16 (Medical Team DVC) | O65: Narayanpur | P65: Orchha | Q65: Kakawada
A66: 44229 | C66: Distt- Narayanpur PS- Kohkameta Village-Kachepal me Kutul LOS Comdr Pandi @ Dinesh Kutul ACM Sukhlal ke sath 08-10 armed naxalio ke upasthiti ki suchna hai | E66: Pandi @ Dinesh (Sukhlal) | G66: 19.588312 | H66: 81.025769 | I66: 45514 | K66: SIB | M66: Comdr (Member) | N66: Kutul LOS (Kutul AC) | O66: Narayanpur | P66: Kohkameta | Q66: Kachapal
A67: 44198 | C67: A group of armed CPI (Maoist) cadres (12-15) led by Pandi (Commander Kutul LOS) has been noticed camping near west of village Mohandi (16 kms South of PS Kohkameta) Distt Narayanpur since 01.02.2021. | E67: Pandi @ Dinesh | G67: 19.564579 | H67: 81.077286 | I67: 45641 | K67: IB | M67: Comdr | N67: Kutul LOS | O67: Narayanpur | P67: Kohkameta | Q67: Mohandi
A68: 44288 | C68: Distt- Narayanpur PS- Orcha Village- Dhurbeda me Maad DVCS Ranita @ Jaimati Member Shanti ke sath 15-16 armed naxalio ke upasthiti ki suchna hai | E68: Ranita @ Jaimati (Shanti) | G68: 19.449241 | H68: 80.997898 | I68: 15-16 | K68: SIB | M68: Secy (Member) | N68: Maad DVC | O68: Narayanpur | P68: Orcha | Q68: Dhurbeda
A69: 44288 | C69: Distt- Narayanpur PS- Kohkameta Village- Hokpad me Kutul LOS Comdr Pandi @ Dinesh ke sath 08-09 armed naxalio ke upasthiti ki suchna hai | E69: Pandi @ Dinesh | G69: 19.509617 | H69: 81.171479 | I69: 45513 | K69: SIB | M69: Comdr | N69: Kutul LOS | O69: Narayanpur | P69: Kohkameta | Q69: Hokpad
A70: 44288 | C70: Distt- Narayanpur PS- Orcha Village- Asnar & Maksoli me DVCM Chandra @ Chandrika armed naxalio ke Villagers Meeting Kiye Jane ki suchna hai | E70: Chandra @ Chandrika | G70: 19.422034 | H70: 81.125262 | I70: - | K70: SIB | M70: Member | N70: DVC | O70: Narayanpur | P70: Orcha | Q70: Asanar & Maksoli
A71: 44288 | C71: Distt- Narayanpur PS- Orcha Village- Orcha Meta me Orcha LOS Comdr Deepak Member Suklu & Lakhmi ke sath 12-14 armed naxalio ke Villagers Meeting Kiye Jane ki suchna hai | E71: Deepak (Suklu & Lakhmi) | G71: 19.337137 | H71: 81.089876 | I71: 45640 | K71: SIB | M71: Comdr (Member) | N71: Orcha LOS | O71: Narayanpur | P71: Orcha | Q71: Orcha Meta
A72: 44229 | C72: A group of armed CPI (Maoist) cadres (20-25) led by Radhika (DVCM) has been noticed camping west of village Gummarka PS Orchha Distt Narayanpur since Feb 022021. | E72: Radhika | G72: 19.410556 | H72: 81.012901 | I72: 20-25 | K72: IB | M72: Member | N72: DVC | O72: Narayanpur | P72: Orcha | Q72: Gummarka
A73: 44318 | C73: Distt- Narayanpur PS- Kohkameta Village- Kachapal me Maad DVCS Ranita @ Jaimati ke sath 14-15 armed naxalio ke upasthiti ki suchna hai | E73: Ranita @ Jaimati | G73: 19.588312 | H73: 81.025769 | I73: 14-15 | K73: SIB | M73: Secy | N73: Maad DVC | O73: Narayanpur | P73: Kohkameta | Q73: Kachapal
A74: 44349 | C74: Distt- Narayanpur PS- Kukrajhor Village- Gumiyabeda me Nelnar ACS Kamlesh @ Arab ke sath 14-15 armed naxalio ke upasthiti ki suchna hai | E74: Kamlesh @ Arab | G74: 19.596582 | H74: 81.236007 | I74: 14-15 | K74: SIB | M74: Secy | N74: Nellnar AC | O74: Narayanpur | P74: Kukrajhor | Q74: Gumiyabeda
A75: 44379 | C75: Distt- Narayanpur PS- Orchha Village-Pochawada me Indrawati AC Secy Madhu @ Kamlakar Pln no 16 Comdr Mallesh AC Member Sukhlal & Ajay ke sath 30 armed naxalio ke upasthiti ki suchna hai | E75: Madhu @ Kamlakar (Mallesh) (Sukhlal & Ajay) | G75: 19.239679 | H75: 81.203381 | I75: 30 | K75: SIB | M75: Secy (Comdr) (Member) | N75: Indrawati AC (Pln no 16) (AC) | O75: Narayanpur | P75: Orchha | Q75: Pochhawada
A76: 44379 | C76: Distt- Narayanpur PS- Narayanpur Village-Kutul Parpa Kachhapal me Sukhlal Veshu @ Vishendra & Budru ke sath Villagers Meeting kiye jane ki suchna hai | E76: Sukhla (Veshu @ Vishendra) (Budru) | G76: 19.518195 | H76: 81.006695 | I76: - | K76: SIB | M76: Member | N76: Kutul AC | O76: Narayanpur | P76: Narayanpur | Q76: Kutul Parpa Kachhapal
A77: 44441 | C77: Distt- Narayanpur PS- Orchha Village- Kusum Faraspal me Agyat 18-20 armed naxalio ke upasthiti ki suchna hai | E77: - | G77: 19.513578 | H77: 81.057648 | I77: 18-20 | K77: SIB | M77: - | N77: - | O77: Narayanpur | P77: Orchha | Q77: Kusum Faraspal
A78: 44441 | C78: Distt- Narayanpur PS- Orchha Village- Ader me Orchha LOS Comdr Deepak Member Sukul & Laxmi ke sath 12-13 armed naxalio ke upasthiti ki suchna hai | E78: Deepak (Sukul Laxmi) | G78: 19.273106 | H78: 81.083128 | I78: 45639 | K78: SIB | M78: Comdr (Member) | N78: Orchha LOS | O78: Narayanpur | P78: Orchha | Q78: Ader
A79: 44441 | C79: A group of armed CPI (Maoist) cadres (20-25) of Coy No. 01 has been noticed camping 1-1.5 km south west of village Khodpar towards Kunjekal PS Orchha distt Narayanpur for the last 02-03 days. | E79: - | G79: 19.337161 19.375281 | H79: 81.007372 81.031655 | I79: 20-25 | K79: IB | M79: Member | N79: Coy no 01 | O79: Narayanpur | P79: Orchha | Q79: Kunjekal & Khodpar
A80: 44471 | C80: Distt- Narayanpur PS- Chhote Dongar Village- Becha me Villagers Bhumkal Diwas celebrate ki suchna hai | E80: - | G80: 19.343475 | H80: 81.373436 | I80: - | K80: SIB | M80: - | N80: - | O80: Narayanpur | P80: Chhote Dongar | Q80: Becha
A81: 44411 | C81: Distt- Narayanpur PS- Kohkameta Village- Kutul Farsagaon me Nelnar AC Member Budhru ke sath 10 armed naxalio ke upasthiti ki suchna hai | E81: Budhru | G81: 19.514809 | H81: 81.055263 | I81: 10 | K81: SIB | M81: Member | N81: Nelnar AC | O81: Narayanpur | P81: Kohkameta | Q81: Kusum Farasgaon
A82: 44502 | C82: Distt- Narayanpur PS- Kohkameta Village- Koshpadka me Kutul AC member Sukhlal ke sath 07-08 armed naxalio ke upasthiti ki suchna hai | E82: Sukhlal | G82: 19.678793 | H82: 81.017378 | I82: 45481 | K82: SIB | M82: Member | N82: Kutul AC | O82: Narayanpur | P82: Kohkameta | Q82: Koshpadka
A83: 44502 | C83: Distt- Narayanpur PS- Orchha Village- Bhatnar me Nelnar AC Secy Kamlesh @ Arab Kutul AC Member Dosel & Budru ke sath 10-12 armed naxalio ke upasthiti ki suchna hai | E83: Kamlesh @ Arab (Dosel & Budru) | G83: 19.480541 | H83: 81.083579 | I83: 45577 | K83: SIB | M83: Secy (Member) | N83: Nelnar AC (Kutul AC) | O83: Narayanpur | P83: Orchha | Q83: Bhatnar
A84: 13-02-2021 | C84: Distt- Narayanpur PS- Orcha Village- Orchameta me DVCM Sapna Orcha LOS Comdr Deepak Member Suklu ke sath 13-14 armed naxalio ke upasthiti ki suchna hai | E84: Sapna (Deepak) (Suklu) | G84: 19.337137 | H84: 81.089876 | I84: 13-14 | K84: SIB | M84: Member (Comdr) (Member) | N84: DVC (Orcha LOS) | O84: Narayanpur | P84: Orcha | Q84: Orchameta
A85: 14-02-2021 | C85: Distt- Narayanpur PS- Sonpur Village- Metanar me Paralkot LGS Comdr Jailal @ Anant member Rajbati ke sath 10-12 armed naxalio ke ki suchna hai | E85: Jailal @ Anant (Rajbati) | G85: 19.737755 | H85: 80.963401 | I85: 45577 | K85: SIB | M85: Comdr (Membr) | N85: Paralkot LGS | O85: Narayanpur | P85: Sonpur | Q85: Metanar
A86: 14-02-2021 | C86: Distt- Narayanpur PS- Sonpur Village- Karkabeda me Kutul AC Member Sukhlal & Ranjit ke sath Villagers Meeting Kiye Jane ki suchna hai | E86: Sukhlal (Ranjit) | G86: 19.623001 | H86: 80.942972 | I86: - | K86: SIB | M86: Member | N86: Kutul AC | O86: Narayanpur | P86: Sonpur | Q86: Karkabeda
A87: 14-02-2021 | C87: Distt- Narayanpur PS- Chhote Dongar Village- Bhrehbeda me 08-10 Agyat armed naxalio ke upasthiti ki suchna hai | E87: - | G87: 19.473928 | H87: 81.299942 | I87: 45514 | K87: SIB | M87: - | N87: - | O87: Narayanpur | P87: Chhote Dongar | Q87: Bhrehbeda
A88: 15-02-2021 | C88: Distt- Narayanpur PS- Orchha Village- Idwaya me Pln No 16 Comdr Mallesh Indrawati Medical Team Incharge Sukhlal Member Jairam ke sath 20-22 armed naxalio ke upasthiti ki suchna hai | E88: Mallesh (Sukhlal) (Jairam) | G88: 19.226885 | H88: 81.071607 | I88: 20-22 | K88: SIB | M88: Comdr (Incharge) (Member) | N88: Pln no 16 (Indrawati Medical Team DVC) | O88: Narayanpur | P88: Orchha | Q88: Idwaya
A89: 15-02-2021 | C89: Distt- Narayanpur PS- Kohkameta Village- Toke me Maad DVCM Ranita @ Jaimati ke sath 14-15 armed naxalio ke upasthiti ki suchna hai | E89: Ranita @ Jaimati | G89: 19.576445 | H89: 80.967382 | I89: 14-15 | K89: SIB | M89: Member | N89: Maad DVC | O89: Narayanpur | P89: Kohkameta | Q89: Toke
A90: 14-02-2021 | C90: A group of armed CPI (Maoist) cadres (10-12) led by Deepak (Commander Orchha LOS) has been noticed camping in the vicinity of a Kachcha well located 500 m from the trijunction point of Ader-Jatlur- Orchha PS Orchha district Narayanpur since Feb 14 early morning hours | E90: Deepak | G90: 19.273106 | H90: 81.083128 | I90: 45577 | K90: IB | M90: Comdr | N90: Orcha LOS | O90: Narayanpur | P90: Orcha | Q90: Ader to Jatlur Road
A91: 16-02-2021 | C91: Distt- Narayanpur PS- Orchha Village- Bhatbeda me Pln no 16 Comdr Mallesh Medical Team Incharge Sukhlal member Ajay ke sath 18-20 armed naxalio ke dekhe jane ki suchna hai | E91: Mallesh (Sukhlal) (Ajay) | G91: 19.452511 | H91: 81.172301 | I91: 18-20 | K91: SIB | M91: Comdr (Inch) (Member) | N91: Pln no 16 (medical Team) | O91: Narayanpur | P91: Orchha | Q91: Bhatbeda
A92: 17-02-2021 | C92: Distt- Narayanpur PS- Chhote Dongar Village- Parpa me Maoist Member Budru & Phulo ke sath 07-08 armed naxalio ke upasthiti ki suchna hai | E92: Budru & Phulo | G92: 19.517494 | H92: 81.00633 | I92: 45481 | K92: SIB | M92: Member | N92: Maoist | O92: Narayanpur | P92: Chhote Dongar | Q92: Parpa
A93: 17-02-2021 | C93: Distt- Narayanpur PS- Dhanora Village- Dhanora to Orchha Road me 02-03 agyat maoist ke reccee kiye jane ki suchna hai | E93: - | G93: 19.431576 | H93: 81.232623 | I93: - | K93: SIB | M93: - | N93: - | O93: Narayanpur | P93: Dhanora | Q93: Dhanora to Orchha Road
A94: 18-02-2021 | C94: Distt- Narayanpur PS- Dhanora Village- Bhatbeda me ACM Budhru ke sath 06-07 armed naxalio ke upasthiti ki suchna hai | E94: Budhru | G94: 19.452511 | H94: 81.172301 | I94: 45450 | K94: SIB | M94: Member | N94: AC | O94: Narayanpur | P94: Dhanora | Q94: Bhatbeda
A95: 19-02-2021 | C95: Distt- Narayanpur PS- Orcha Village- Aderbeda me Indravati ACS Madhu @ Kamlakar Pln no 16 Comdr Mallesh Medical Team Incharge Sukhlal EB DVCS Niti @ Urmila ke sath 35-40 armed naxalio ke upasthiti ki suchna hai | E95: Madhu @ Kamlakar (Mallesh) (Sukhlal) (Niti @ Urmila) | G95: 19.328073 | H95: 81.317027 | I95: 35-40 | K95: SIB | M95: Secy (Comdr) (Incharge) (Secy) | N95: Indravati AC (Pln No 16) (Medical Team) (EB DVC) | O95: Narayanpur | P95: Orcha | Q95: Aderbeda
